{
  "join": {
    "L1": {
      "metrics": {
        "hit@1": 0.0,
        "hit@3": 0.0,
        "hit@5": 0.0,
        "precision": 0.0,
        "recall": 0.0,
        "f1_score": 0.0,
        "valid_queries": 0
      },
      "time": 0.04708743095397949,
      "avg_time": 0.023543715476989746
    },
    "L1_L2": {
      "metrics": {
        "hit@1": 0.0,
        "hit@3": 0.0,
        "hit@5": 0.0,
        "precision": 0.0,
        "recall": 0.0,
        "f1_score": 0.0,
        "valid_queries": 0
      },
      "time": 0.06796526908874512,
      "avg_time": 0.03398263454437256
    },
    "L1_L2_L3": {
      "metrics": {
        "hit@1": 0.0,
        "hit@3": 0.0,
        "hit@5": 0.0,
        "precision": 0.0,
        "recall": 0.0,
        "f1_score": 0.0,
        "valid_queries": 0
      },
      "time": 0.08237361907958984,
      "avg_time": 0.04118680953979492
    }
  }
}