{
  "config": {
    "dataset": "subset",
    "queries": 5,
    "workers": 2,
    "llm_enabled": true,
    "total_time": 14.130775690078735
  },
  "metrics": {
    "precision": 0.07500000000000001,
    "recall": 0.25,
    "f1_score": 0.11538461538461539,
    "hit_at_1": 0.25,
    "hit_at_3": 0.5,
    "hit_at_5": 0.5,
    "hit_at_10": 0.5,
    "mrr": 0.375,
    "avg_response_time": 5.103723859786987,
    "throughput": 0.19593536552381904
  },
  "statistics": {
    "total_queries": 5,
    "successful_queries": 5,
    "join_queries": 5,
    "union_queries": 0
  }
}