{
  "config": {
    "dataset": "subset",
    "queries": 2,
    "workers": 1,
    "llm_enabled": true,
    "total_time": 85.7912106513977
  },
  "metrics": {
    "precision": 0.1,
    "recall": 0.3333333333333333,
    "f1_score": 0.15384615384615383,
    "hit_at_1": 0.0,
    "hit_at_3": 1.0,
    "hit_at_5": 1.0,
    "hit_at_10": 1.0,
    "mrr": 0.41666666666666663,
    "avg_response_time": 42.644755125045776,
    "throughput": 0.02344954255377323
  },
  "statistics": {
    "total_queries": 2,
    "successful_queries": 2,
    "join_queries": 2,
    "union_queries": 0
  }
}