{
  "config": {
    "dataset": "complete",
    "queries": 100,
    "workers": 8,
    "llm_enabled": true,
    "total_time": 180.18078207969666
  },
  "metrics": {
    "precision": 0.075,
    "recall": 0.09282539682539684,
    "f1_score": 0.08296604558781805,
    "hit_at_1": 0.23,
    "hit_at_3": 0.27,
    "hit_at_5": 0.33,
    "hit_at_10": 0.36,
    "mrr": 0.26463888888888887,
    "avg_response_time": 9.377948136329652,
    "throughput": 0.10663313397160468
  },
  "statistics": {
    "total_queries": 100,
    "successful_queries": 100,
    "join_queries": 100,
    "union_queries": 0
  }
}