{
  "config": {
    "dataset": "subset",
    "queries": 10,
    "workers": 8,
    "llm_enabled": true,
    "total_time": 35.39990592002869
  },
  "metrics": {
    "precision": 0.1,
    "recall": 0.2777777777777778,
    "f1_score": 0.14705882352941177,
    "hit_at_1": 0.3333333333333333,
    "hit_at_3": 0.5555555555555556,
    "hit_at_5": 0.3333333333333333,
    "hit_at_10": 0.3333333333333333,
    "mrr": 0.42592592592592593,
    "avg_response_time": 9.474099016189575,
    "throughput": 0.10555093400345249
  },
  "statistics": {
    "total_queries": 10,
    "successful_queries": 10,
    "join_queries": 10,
    "union_queries": 0
  }
}