{
  "config": {
    "dataset": "complete",
    "queries": 20,
    "workers": 4,
    "llm_enabled": true,
    "total_time": 48.66041541099548
  },
  "metrics": {
    "precision": 0.06500000000000002,
    "recall": 0.09095238095238095,
    "f1_score": 0.07581679389312979,
    "hit_at_1": 0.35,
    "hit_at_3": 0.45,
    "hit_at_5": 0.45,
    "hit_at_10": 0.45,
    "mrr": 0.4,
    "avg_response_time": 7.508991944789886,
    "throughput": 0.13317366796402677
  },
  "statistics": {
    "total_queries": 20,
    "successful_queries": 20,
    "join_queries": 20,
    "union_queries": 0
  }
}