{
  "config": {
    "dataset": "subset",
    "queries": 10,
    "workers": 2,
    "llm_enabled": true,
    "total_time": 720.1347620487213
  },
  "metrics": {
    "precision": 0.2777777777777778,
    "recall": 0.25925925925925924,
    "f1_score": 0.26819923371647514,
    "hit_at_1": 0.2222222222222222,
    "hit_at_3": 0.2222222222222222,
    "hit_at_5": 0.2222222222222222,
    "hit_at_10": 0.0,
    "mrr": 0.3333333333333333,
    "avg_response_time": 71.81267671585083,
    "throughput": 0.013925118039490586
  },
  "statistics": {
    "total_queries": 10,
    "successful_queries": 10,
    "join_queries": 10,
    "union_queries": 0
  }
}