{
  "join": {
    "L1": {
      "metrics": {
        "hit@1": 0.0,
        "hit@3": 1.0,
        "hit@5": 1.0,
        "precision": 0.4,
        "recall": 0.19871794871794873,
        "f1_score": 0.25757575757575757,
        "valid_queries": 2
      },
      "time": 0.0485379695892334,
      "avg_time": 0.0242689847946167
    },
    "L1_L2": {
      "metrics": {
        "hit@1": 0.5,
        "hit@3": 1.0,
        "hit@5": 1.0,
        "precision": 0.4,
        "recall": 0.24358974358974358,
        "f1_score": 0.29292929292929293,
        "valid_queries": 2
      },
      "time": 0.03987836837768555,
      "avg_time": 0.019939184188842773
    },
    "L1_L2_L3": {
      "metrics": {
        "hit@1": 0.5,
        "hit@3": 1.0,
        "hit@5": 1.0,
        "precision": 0.4,
        "recall": 0.24358974358974358,
        "f1_score": 0.29292929292929293,
        "valid_queries": 2
      },
      "time": 0.047051429748535156,
      "avg_time": 0.023525714874267578
    }
  }
}