{
  "join": {
    "L1": {
      "metrics": {
        "hit@1": 0.0,
        "hit@3": 0.0,
        "hit@5": 0.0,
        "precision": 0.0,
        "recall": 0.0,
        "f1_score": 0.0,
        "valid_queries": 6
      },
      "time": 0.8141262531280518,
      "avg_time": 0.08141262531280517
    },
    "L1_L2": {
      "metrics": {
        "hit@1": 0.0,
        "hit@3": 0.16666666666666666,
        "hit@5": 0.5,
        "precision": 0.10000000000000002,
        "recall": 0.5,
        "f1_score": 0.16666666666666666,
        "valid_queries": 6
      },
      "time": 14.091742038726807,
      "avg_time": 1.4091742038726807
    },
    "L1_L2_L3": {
      "metrics": {
        "hit@1": 0.0,
        "hit@3": 0.16666666666666666,
        "hit@5": 0.5,
        "precision": 0.10000000000000002,
        "recall": 0.5,
        "f1_score": 0.16666666666666666,
        "valid_queries": 6
      },
      "time": 2.868525743484497,
      "avg_time": 0.2868525743484497
    }
  },
  "union": {
    "L1": {
      "metrics": {
        "hit@1": 0.8571428571428571,
        "hit@3": 1.0,
        "hit@5": 1.0,
        "precision": 0.6285714285714287,
        "recall": 0.18656462585034014,
        "f1_score": 0.2774854161582646,
        "valid_queries": 7
      },
      "time": 3.42720365524292,
      "avg_time": 0.34272036552429197
    },
    "L1_L2": {
      "metrics": {
        "hit@1": 1.0,
        "hit@3": 1.0,
        "hit@5": 1.0,
        "precision": 0.6571428571428571,
        "recall": 0.19098639455782312,
        "f1_score": 0.28630639909689465,
        "valid_queries": 7
      },
      "time": 17.192219257354736,
      "avg_time": 1.7192219257354737
    },
    "L1_L2_L3": {
      "metrics": {
        "hit@1": 1.0,
        "hit@3": 1.0,
        "hit@5": 1.0,
        "precision": 0.9642857142857143,
        "recall": 0.1695578231292517,
        "f1_score": 0.27092288708197343,
        "valid_queries": 7
      },
      "time": 6.364023923873901,
      "avg_time": 0.6364023923873902
    }
  }
}