{
  "join": {
    "L1": {
      "metrics": {
        "hit@1": 0.0,
        "hit@3": 0.5714285714285714,
        "hit@5": 0.5714285714285714,
        "precision": 0.1142857142857143,
        "recall": 0.5714285714285714,
        "f1_score": 0.1904761904761905,
        "valid_queries": 7
      },
      "time": 0.06510329246520996,
      "avg_time": 0.006510329246520996
    },
    "L1_L2": {
      "metrics": {
        "hit@1": 0.0,
        "hit@3": 0.14285714285714285,
        "hit@5": 0.42857142857142855,
        "precision": 0.08571428571428573,
        "recall": 0.42857142857142855,
        "f1_score": 0.14285714285714285,
        "valid_queries": 7
      },
      "time": 7.55819845199585,
      "avg_time": 0.755819845199585
    },
    "L1_L2_L3": {
      "metrics": {
        "hit@1": 0.0,
        "hit@3": 0.2857142857142857,
        "hit@5": 0.42857142857142855,
        "precision": 0.08571428571428573,
        "recall": 0.42857142857142855,
        "f1_score": 0.14285714285714285,
        "valid_queries": 7
      },
      "time": 21.27346444129944,
      "avg_time": 2.1273464441299437
    }
  }
}