{
  "join": {
    "L1": {
      "metrics": {
        "hit@1": 0.0,
        "hit@3": 0.3333333333333333,
        "hit@5": 0.3333333333333333,
        "precision": 0.06666666666666667,
        "recall": 0.3333333333333333,
        "f1_score": 0.11111111111111112,
        "valid_queries": 3
      },
      "time": 0.04659748077392578,
      "avg_time": 0.015532493591308594
    },
    "L1_L2": {
      "metrics": {
        "hit@1": 0.0,
        "hit@3": 0.3333333333333333,
        "hit@5": 0.3333333333333333,
        "precision": 0.06666666666666667,
        "recall": 0.3333333333333333,
        "f1_score": 0.11111111111111112,
        "valid_queries": 3
      },
      "time": 6.948686599731445,
      "avg_time": 2.3162288665771484
    },
    "L1_L2_L3": {
      "metrics": {
        "hit@1": 0.0,
        "hit@3": 0.3333333333333333,
        "hit@5": 0.3333333333333333,
        "precision": 0.06666666666666667,
        "recall": 0.3333333333333333,
        "f1_score": 0.11111111111111112,
        "valid_queries": 3
      },
      "time": 6.885697603225708,
      "avg_time": 2.2952325344085693
    }
  }
}