{
  "join": {
    "L1": {
      "metrics": {
        "hit@1": 0.3333333333333333,
        "hit@3": 0.6666666666666666,
        "hit@5": 1.0,
        "precision": 0.39999999999999997,
        "recall": 0.18433048433048435,
        "f1_score": 0.2507936507936508,
        "valid_queries": 3
      },
      "time": 0.06656956672668457,
      "avg_time": 0.022189855575561523
    },
    "L1_L2": {
      "metrics": {
        "hit@1": 0.6666666666666666,
        "hit@3": 1.0,
        "hit@5": 1.0,
        "precision": 0.4000000000000001,
        "recall": 0.19202279202279202,
        "f1_score": 0.2582010582010582,
        "valid_queries": 3
      },
      "time": 6.987854480743408,
      "avg_time": 2.3292848269144693
    },
    "L1_L2_L3": {
      "metrics": {
        "hit@1": 1.0,
        "hit@3": 1.0,
        "hit@5": 1.0,
        "precision": 0.4000000000000001,
        "recall": 0.19202279202279202,
        "f1_score": 0.25820105820105815,
        "valid_queries": 3
      },
      "time": 11.678590774536133,
      "avg_time": 3.8928635915120444
    }
  }
}