{
  "join": {
    "L1": {
      "metrics": {
        "hit@1": 0.0,
        "hit@3": 0.0,
        "hit@5": 0.0,
        "precision": 0.0,
        "recall": 0.0,
        "f1_score": 0.0,
        "valid_queries": 6
      },
      "time": 0.9003579616546631,
      "avg_time": 0.09003579616546631
    },
    "L1_L2": {
      "metrics": {
        "hit@1": 0.0,
        "hit@3": 0.16666666666666666,
        "hit@5": 0.5,
        "precision": 0.10000000000000002,
        "recall": 0.5,
        "f1_score": 0.16666666666666666,
        "valid_queries": 6
      },
      "time": 12.61924433708191,
      "avg_time": 1.261924433708191
    },
    "L1_L2_L3": {
      "metrics": {
        "hit@1": 0.0,
        "hit@3": 0.16666666666666666,
        "hit@5": 0.5,
        "precision": 0.10000000000000002,
        "recall": 0.5,
        "f1_score": 0.16666666666666666,
        "valid_queries": 6
      },
      "time": 18.097424507141113,
      "avg_time": 1.8097424507141113
    }
  },
  "union": {
    "L1": {
      "metrics": {
        "hit@1": 0.8571428571428571,
        "hit@3": 1.0,
        "hit@5": 1.0,
        "precision": 0.6285714285714287,
        "recall": 0.18656462585034017,
        "f1_score": 0.2774854161582646,
        "valid_queries": 7
      },
      "time": 3.6209750175476074,
      "avg_time": 0.36209750175476074
    },
    "L1_L2": {
      "metrics": {
        "hit@1": 1.0,
        "hit@3": 1.0,
        "hit@5": 1.0,
        "precision": 0.6571428571428573,
        "recall": 0.19098639455782312,
        "f1_score": 0.28630639909689465,
        "valid_queries": 7
      },
      "time": 16.146841287612915,
      "avg_time": 1.6146841287612914
    },
    "L1_L2_L3": {
      "metrics": {
        "hit@1": 1.0,
        "hit@3": 1.0,
        "hit@5": 1.0,
        "precision": 0.9642857142857143,
        "recall": 0.16955782312925166,
        "f1_score": 0.27092288708197343,
        "valid_queries": 7
      },
      "time": 20.209195613861084,
      "avg_time": 2.0209195613861084
    }
  }
}