{
  "join": {
    "L1": {
      "metrics": {
        "hit@1": 0.0,
        "hit@3": 1.0,
        "hit@5": 1.0,
        "precision": 0.4,
        "recall": 0.19871794871794873,
        "f1_score": 0.25757575757575757,
        "valid_queries": 2
      },
      "time": 0.06757736206054688,
      "avg_time": 0.03378868103027344
    },
    "L1_L2": {
      "metrics": {
        "hit@1": 0.5,
        "hit@3": 1.0,
        "hit@5": 1.0,
        "precision": 0.4,
        "recall": 0.24358974358974358,
        "f1_score": 0.29292929292929293,
        "valid_queries": 2
      },
      "time": 7.786932468414307,
      "avg_time": 3.8934662342071533
    },
    "L1_L2_L3": {
      "metrics": {
        "hit@1": 0.5,
        "hit@3": 1.0,
        "hit@5": 1.0,
        "precision": 0.4,
        "recall": 0.24358974358974358,
        "f1_score": 0.29292929292929293,
        "valid_queries": 2
      },
      "time": 4.922845125198364,
      "avg_time": 2.461422562599182
    }
  }
}