{
  "join": {
    "L1": {
      "metrics": {
        "hit@1": 0.6979166666666666,
        "hit@3": 0.84375,
        "hit@5": 0.8958333333333334,
        "precision": 0.5375000000000001,
        "recall": 0.40150573567514347,
        "f1_score": 0.40646643415263567,
        "valid_queries": 96
      },
      "time": 1.679539680480957,
      "avg_time": 0.01679539680480957
    },
    "L1_L2": {
      "metrics": {
        "hit@1": 0.6458333333333334,
        "hit@3": 0.84375,
        "hit@5": 0.8854166666666666,
        "precision": 0.5104166666666666,
        "recall": 0.38291967763596063,
        "f1_score": 0.38621256888377425,
        "valid_queries": 96
      },
      "time": 113.39559531211853,
      "avg_time": 1.1339559531211854
    },
    "L1_L2_L3": {
      "metrics": {
        "hit@1": 0.6354166666666666,
        "hit@3": 0.84375,
        "hit@5": 0.875,
        "precision": 0.5614583333333333,
        "recall": 0.35116141229628056,
        "f1_score": 0.39080989367346874,
        "valid_queries": 96
      },
      "time": 21.939250469207764,
      "avg_time": 0.21939250469207763
    }
  },
  "union": {
    "L1": {
      "metrics": {
        "hit@1": 0.5757575757575758,
        "hit@3": 0.7272727272727273,
        "hit@5": 0.797979797979798,
        "precision": 0.3883838383838383,
        "recall": 0.2842652078509101,
        "f1_score": 0.2986822624843364,
        "valid_queries": 99
      },
      "time": 1.6522200107574463,
      "avg_time": 0.016522200107574464
    },
    "L1_L2": {
      "metrics": {
        "hit@1": 0.6363636363636364,
        "hit@3": 0.7373737373737373,
        "hit@5": 0.8282828282828283,
        "precision": 0.41060606060606053,
        "recall": 0.30306528484007605,
        "f1_score": 0.31683185611239856,
        "valid_queries": 99
      },
      "time": 116.70329451560974,
      "avg_time": 1.1670329451560975
    },
    "L1_L2_L3": {
      "metrics": {
        "hit@1": 0.5656565656565656,
        "hit@3": 0.6767676767676768,
        "hit@5": 0.7878787878787878,
        "precision": 0.5107744107744107,
        "recall": 0.26999365257058283,
        "f1_score": 0.3063350690825126,
        "valid_queries": 99
      },
      "time": 11.74522876739502,
      "avg_time": 0.11745228767395019
    }
  }
}