{
  "join": {
    "L1": {
      "metrics": {
        "hit@1": 0.0,
        "hit@3": 1.0,
        "hit@5": 1.0,
        "precision": 0.4,
        "recall": 0.19871794871794873,
        "f1_score": 0.25757575757575757,
        "valid_queries": 2
      },
      "time": 0.07817864418029785,
      "avg_time": 0.039089322090148926
    },
    "L1_L2": {
      "metrics": {
        "hit@1": 0.5,
        "hit@3": 1.0,
        "hit@5": 1.0,
        "precision": 0.4,
        "recall": 0.24358974358974358,
        "f1_score": 0.29292929292929293,
        "valid_queries": 2
      },
      "time": 7.840074777603149,
      "avg_time": 3.9200373888015747
    },
    "L1_L2_L3": {
      "metrics": {
        "hit@1": 1.0,
        "hit@3": 1.0,
        "hit@5": 1.0,
        "precision": 0.4,
        "recall": 0.24358974358974358,
        "f1_score": 0.29292929292929293,
        "valid_queries": 2
      },
      "time": 7.289056062698364,
      "avg_time": 3.644528031349182
    }
  },
  "union": {
    "L1": {
      "metrics": {
        "hit@1": 1.0,
        "hit@3": 1.0,
        "hit@5": 1.0,
        "precision": 0.2,
        "recall": 0.25,
        "f1_score": 0.22222222222222224,
        "valid_queries": 1
      },
      "time": 0.09012579917907715,
      "avg_time": 0.045062899589538574
    },
    "L1_L2": {
      "metrics": {
        "hit@1": 0.0,
        "hit@3": 0.0,
        "hit@5": 1.0,
        "precision": 0.2,
        "recall": 0.25,
        "f1_score": 0.22222222222222224,
        "valid_queries": 1
      },
      "time": 7.470279932022095,
      "avg_time": 3.7351399660110474
    },
    "L1_L2_L3": {
      "metrics": {
        "hit@1": 0.0,
        "hit@3": 0.0,
        "hit@5": 1.0,
        "precision": 0.2,
        "recall": 0.25,
        "f1_score": 0.22222222222222224,
        "valid_queries": 1
      },
      "time": 6.954078912734985,
      "avg_time": 3.4770394563674927
    }
  }
}