{
  "join": {
    "L1": {
      "metrics": {
        "hit@1": 0.0,
        "hit@3": 1.0,
        "hit@5": 1.0,
        "precision": 0.4,
        "recall": 0.19871794871794873,
        "f1_score": 0.25757575757575757,
        "valid_queries": 2
      },
      "time": 0.05020761489868164,
      "avg_time": 0.02510380744934082
    },
    "L1_L2": {
      "metrics": {
        "hit@1": 0.5,
        "hit@3": 1.0,
        "hit@5": 1.0,
        "precision": 0.4,
        "recall": 0.24358974358974358,
        "f1_score": 0.29292929292929293,
        "valid_queries": 2
      },
      "time": 0.03792619705200195,
      "avg_time": 0.018963098526000977
    },
    "L1_L2_L3": {
      "metrics": {
        "hit@1": 0.5,
        "hit@3": 1.0,
        "hit@5": 1.0,
        "precision": 0.4,
        "recall": 0.24358974358974358,
        "f1_score": 0.29292929292929293,
        "valid_queries": 2
      },
      "time": 0.04644060134887695,
      "avg_time": 0.023220300674438477
    }
  }
}