{
  "join": {
    "L1": {
      "metrics": {
        "hit@1": 0.0,
        "hit@3": 1.0,
        "hit@5": 1.0,
        "precision": 0.4,
        "recall": 0.19871794871794873,
        "f1_score": 0.25757575757575757,
        "valid_queries": 2
      },
      "time": 0.05419182777404785,
      "avg_time": 0.027095913887023926
    },
    "L1_L2": {
      "metrics": {
        "hit@1": 0.5,
        "hit@3": 1.0,
        "hit@5": 1.0,
        "precision": 0.4,
        "recall": 0.24358974358974358,
        "f1_score": 0.29292929292929293,
        "valid_queries": 2
      },
      "time": 0.04080367088317871,
      "avg_time": 0.020401835441589355
    },
    "L1_L2_L3": {
      "metrics": {
        "hit@1": 0.5,
        "hit@3": 1.0,
        "hit@5": 1.0,
        "precision": 0.4,
        "recall": 0.24358974358974358,
        "f1_score": 0.29292929292929293,
        "valid_queries": 2
      },
      "time": 0.04941582679748535,
      "avg_time": 0.024707913398742676
    }
  }
}