{
  "experiment_info": {
    "timestamp": "20250821_004438",
    "dataset_type": "complete",
    "max_queries": "all",
    "mode": "comparison"
  },
  "results": {
    "join": {
      "static": {
        "L1": {
          "metrics": {
            "hit@1": 0.22072936660268713,
            "hit@3": 0.3685220729366603,
            "hit@5": 0.40786948176583493,
            "precision": 0.10345489443378186,
            "recall": 0.1416452469475504,
            "f1_score": 0.10771463342675285,
            "valid_queries": 1042
          },
          "time": 62.67647933959961,
          "avg_time": 0.06015017211094013,
          "dynamic": false
        },
        "L1_L2": {
          "metrics": {
            "hit@1": 0.2380038387715931,
            "hit@3": 0.3656429942418426,
            "hit@5": 0.4145873320537428,
            "precision": 0.10806142034549017,
            "recall": 0.14911385266471655,
            "f1_score": 0.11194593021196181,
            "valid_queries": 1042
          },
          "time": 239.0482952594757,
          "avg_time": 0.22941295130467917,
          "dynamic": false
        },
        "L1_L2_L3": {
          "metrics": {
            "hit@1": 0.2380038387715931,
            "hit@3": 0.3666026871401152,
            "hit@5": 0.4107485604606526,
            "precision": 0.11604286628279015,
            "recall": 0.14646555726210253,
            "f1_score": 0.11713239285298016,
            "valid_queries": 1042
          },
          "time": 277.6303696632385,
          "avg_time": 0.2664398941105936,
          "dynamic": false
        }
      },
      "dynamic": {
        "L1": {
          "metrics": {
            "hit@1": 0.22072936660268713,
            "hit@3": 0.3685220729366603,
            "hit@5": 0.40786948176583493,
            "precision": 0.10345489443378186,
            "recall": 0.1416452469475504,
            "f1_score": 0.10771463342675283,
            "valid_queries": 1042
          },
          "time": 66.80837917327881,
          "avg_time": 0.06411552703769559,
          "dynamic": false
        },
        "L1_L2": {
          "metrics": {
            "hit@1": 0.2380038387715931,
            "hit@3": 0.3656429942418426,
            "hit@5": 0.4145873320537428,
            "precision": 0.10806142034549014,
            "recall": 0.1491138526647166,
            "f1_score": 0.11194593021196178,
            "valid_queries": 1042
          },
          "time": 254.90027594566345,
          "avg_time": 0.24462598459276721,
          "dynamic": false
        },
        "L1_L2_L3": {
          "metrics": {
            "hit@1": 0.23704414587332054,
            "hit@3": 0.3579654510556622,
            "hit@5": 0.4059500959692898,
            "precision": 0.1146673064619328,
            "recall": 0.14616009656796627,
            "f1_score": 0.11576456306130482,
            "valid_queries": 1042
          },
          "time": 2515.520159006119,
          "avg_time": 2.414126832059615,
          "dynamic": true
        }
      }
    },
    "union": {
      "static": {
        "L1": {
          "metrics": {
            "hit@1": 0.8044692737430168,
            "hit@3": 0.8653010552451893,
            "hit@5": 0.8789571694599627,
            "precision": 0.4164494103041645,
            "recall": 0.2151400125897921,
            "f1_score": 0.27240730459646817,
            "valid_queries": 3222
          },
          "time": 720.0283386707306,
          "avg_time": 0.2234724825172969,
          "dynamic": false
        },
        "L1_L2": {
          "metrics": {
            "hit@1": 0.8373680943513345,
            "hit@3": 0.8960273122284296,
            "hit@5": 0.9106145251396648,
            "precision": 0.4188081936685355,
            "recall": 0.21704281103302817,
            "f1_score": 0.2745112670137249,
            "valid_queries": 3222
          },
          "time": 964.1089897155762,
          "avg_time": 0.2992268745237667,
          "dynamic": false
        },
        "L1_L2_L3": {
          "metrics": {
            "hit@1": 0.8324022346368715,
            "hit@3": 0.8923029174425823,
            "hit@5": 0.9050279329608939,
            "precision": 0.8140440720049656,
            "recall": 0.19995483024315225,
            "f1_score": 0.3038304473102378,
            "valid_queries": 3222
          },
          "time": 1887.8926963806152,
          "avg_time": 0.585938142886597,
          "dynamic": false
        }
      },
      "dynamic": {
        "L1": {
          "metrics": {
            "hit@1": 0.8044692737430168,
            "hit@3": 0.8653010552451893,
            "hit@5": 0.8789571694599627,
            "precision": 0.41644941030416455,
            "recall": 0.21514001258979215,
            "f1_score": 0.27240730459646817,
            "valid_queries": 3222
          },
          "time": 733.8408396244049,
          "avg_time": 0.2277594163949115,
          "dynamic": false
        },
        "L1_L2": {
          "metrics": {
            "hit@1": 0.8373680943513345,
            "hit@3": 0.8960273122284296,
            "hit@5": 0.9106145251396648,
            "precision": 0.4188081936685355,
            "recall": 0.21704281103302814,
            "f1_score": 0.27451126701372486,
            "valid_queries": 3222
          },
          "time": 940.8581130504608,
          "avg_time": 0.2920105875389388,
          "dynamic": false
        },
        "L1_L2_L3": {
          "metrics": {
            "hit@1": 0.8342644320297952,
            "hit@3": 0.8944754810676598,
            "hit@5": 0.9072004965859715,
            "precision": 0.8180736602524311,
            "recall": 0.20327265987442208,
            "f1_score": 0.30842826286039476,
            "valid_queries": 3222
          },
          "time": 6240.572595357895,
          "avg_time": 1.9368630029043745,
          "dynamic": true
        }
      }
    }
  }
}