{
  "union": {
    "L1": {
      "metrics": {
        "hit@1": 0.2,
        "hit@3": 0.2,
        "hit@5": 0.6,
        "precision": 0.27999999999999997,
        "recall": 0.6,
        "f1_score": 0.33333333333333337,
        "valid_queries": 5
      },
      "time": 0.28866004943847656,
      "avg_time": 0.057732009887695314
    },
    "L1_L2": {
      "metrics": {
        "hit@1": 0.2,
        "hit@3": 0.2,
        "hit@5": 0.6,
        "precision": 0.27999999999999997,
        "recall": 0.6,
        "f1_score": 0.33333333333333337,
        "valid_queries": 5
      },
      "time": 1.8711662292480469,
      "avg_time": 0.3742332458496094
    },
    "L1_L2_L3": {
      "metrics": {
        "hit@1": 0.4,
        "hit@3": 0.4,
        "hit@5": 0.6,
        "precision": 0.44000000000000006,
        "recall": 0.6,
        "f1_score": 0.4666666666666667,
        "valid_queries": 5
      },
      "time": 15.946300029754639,
      "avg_time": 3.1892600059509277
    }
  }
}