{
  "config": {
    "num_queries": 100,
    "dataset_type": "subset",
    "init_time": 13.093405961990356
  },
  "performance": {
    "avg_time": 0.00983112096786499,
    "median_time": 0.010521173477172852,
    "std_time": 0.0013535379629245226,
    "min_time": 0.006991386413574219,
    "max_time": 0.013644933700561523,
    "success_rate": 1.0,
    "total_matches": 1000,
    "failed_queries": []
  },
  "quality": {
    "precision": 0.24700000000000003,
    "recall": 0.4166669719169719,
    "f1_score": 0.294127563605387,
    "mrr": 0.5831230158730158,
    "hit_rate": 0.7
  },
  "query_times": [
    0.008035898208618164,
    0.008382320404052734,
    0.008643150329589844,
    0.00870060920715332,
    0.007966041564941406,
    0.008294105529785156,
    0.00812983512878418,
    0.008875846862792969,
    0.00864267349243164,
    0.008797883987426758,
    0.008474349975585938,
    0.0074656009674072266,
    0.010816574096679688,
    0.010300874710083008,
    0.008911609649658203,
    0.008654594421386719,
    0.009328365325927734,
    0.00913548469543457,
    0.008013010025024414,
    0.007691860198974609,
    0.008419036865234375,
    0.007741212844848633,
    0.00796198844909668,
    0.008526325225830078,
    0.008538484573364258,
    0.00883173942565918,
    0.007986307144165039,
    0.008368730545043945,
    0.008059978485107422,
    0.007073402404785156,
    0.006991386413574219,
    0.007797718048095703,
    0.008564949035644531,
    0.011908531188964844,
    0.009254932403564453,
    0.009211063385009766,
    0.008821725845336914,
    0.009671449661254883,
    0.0091094970703125,
    0.008612871170043945,
    0.009177446365356445,
    0.009024858474731445,
    0.009036540985107422,
    0.008868217468261719,
    0.008966684341430664,
    0.008496999740600586,
    0.008674860000610352,
    0.009270668029785156,
    0.009344100952148438,
    0.008997678756713867,
    0.012878894805908203,
    0.01074361801147461,
    0.010529518127441406,
    0.01070404052734375,
    0.010524511337280273,
    0.010699987411499023,
    0.010738372802734375,
    0.012949228286743164,
    0.011241436004638672,
    0.010843992233276367,
    0.010661125183105469,
    0.010872364044189453,
    0.01077413558959961,
    0.010978460311889648,
    0.011059999465942383,
    0.010857343673706055,
    0.010896444320678711,
    0.01101541519165039,
    0.010645389556884766,
    0.010865449905395508,
    0.01105189323425293,
    0.010466337203979492,
    0.011693000793457031,
    0.010777711868286133,
    0.010729312896728516,
    0.01051783561706543,
    0.010773658752441406,
    0.010568618774414062,
    0.010757207870483398,
    0.01074361801147461,
    0.010810375213623047,
    0.010831356048583984,
    0.010626792907714844,
    0.010718822479248047,
    0.010679960250854492,
    0.010579824447631836,
    0.010866165161132812,
    0.010581254959106445,
    0.010923147201538086,
    0.01101231575012207,
    0.01065373420715332,
    0.013644933700561523,
    0.011577606201171875,
    0.010831594467163086,
    0.01076817512512207,
    0.01094508171081543,
    0.010616064071655273,
    0.011253833770751953,
    0.01112508773803711,
    0.010936975479125977
  ]
}