{
  "config": {
    "num_queries": 7000,
    "dataset_type": "complete",
    "init_time": 19.895982027053833
  },
  "performance": {
    "avg_time": 0.009571957928793772,
    "median_time": 0.0084381103515625,
    "std_time": 0.0027725063710385698,
    "min_time": 0.006288051605224609,
    "max_time": 0.022713661193847656,
    "success_rate": 1.0,
    "total_matches": 9631,
    "failed_queries": []
  },
  "query_times": [
    0.016171693801879883,
    0.016421794891357422,
    0.013707876205444336,
    0.01331782341003418,
    0.013622283935546875,
    0.012595653533935547,
    0.012461662292480469,
    0.013483047485351562,
    0.01315450668334961,
    0.011937379837036133,
    0.012986898422241211,
    0.013702154159545898,
    0.013257265090942383,
    0.012834548950195312,
    0.015292882919311523,
    0.013234615325927734,
    0.012015342712402344,
    0.013219356536865234,
    0.014409303665161133,
    0.015144824981689453,
    0.013497591018676758,
    0.013637065887451172,
    0.013740777969360352,
    0.013432025909423828,
    0.01397562026977539,
    0.015709638595581055,
    0.0141143798828125,
    0.013377189636230469,
    0.015471220016479492,
    0.015027523040771484,
    0.012917757034301758,
    0.01264047622680664,
    0.014757156372070312,
    0.014520645141601562,
    0.013515710830688477,
    0.013294458389282227,
    0.01341390609741211,
    0.013036489486694336,
    0.015565156936645508,
    0.013776540756225586,
    0.013539552688598633,
    0.013440132141113281,
    0.013531684875488281,
    0.014099836349487305,
    0.014539718627929688,
    0.013327360153198242,
    0.01323556900024414,
    0.014579296112060547,
    0.013172626495361328,
    0.013307809829711914,
    0.013083219528198242,
    0.01480555534362793,
    0.013473749160766602,
    0.01551961898803711,
    0.01476740837097168,
    0.0132293701171875,
    0.013309955596923828,
    0.012786626815795898,
    0.014038562774658203,
    0.013478517532348633,
    0.013206005096435547,
    0.013628482818603516,
    0.015009403228759766,
    0.013621330261230469,
    0.01359868049621582,
    0.014467239379882812,
    0.012312889099121094,
    0.012530088424682617,
    0.013495683670043945,
    0.01495361328125,
    0.015155553817749023,
    0.015575885772705078,
    0.015050649642944336,
    0.014543294906616211,
    0.01430058479309082,
    0.014086484909057617,
    0.014961719512939453,
    0.013359546661376953,
    0.012989044189453125,
    0.013300418853759766,
    0.013347625732421875,
    0.01255178451538086,
    0.01307821273803711,
    0.015988826751708984,
    0.015459537506103516,
    0.014380216598510742,
    0.01342630386352539,
    0.013300180435180664,
    0.014917612075805664,
    0.014460325241088867,
    0.015707969665527344,
    0.01455831527709961,
    0.012915372848510742,
    0.013263702392578125,
    0.013210058212280273,
    0.011393308639526367,
    0.014003753662109375,
    0.01531219482421875,
    0.013322591781616211,
    0.01359248161315918,
    0.012720823287963867,
    0.011910200119018555,
    0.013473749160766602,
    0.014019489288330078,
    0.013313531875610352,
    0.012840509414672852,
    0.015288352966308594,
    0.014608621597290039,
    0.013917207717895508,
    0.01351308822631836,
    0.01524662971496582,
    0.015015840530395508,
    0.014858245849609375,
    0.013343095779418945,
    0.013479471206665039,
    0.013176441192626953,
    0.013327360153198242,
    0.013275623321533203,
    0.0139923095703125,
    0.013658285140991211,
    0.013499021530151367,
    0.013083457946777344,
    0.013365983963012695,
    0.013852596282958984,
    0.01441335678100586,
    0.01434326171875,
    0.015604257583618164,
    0.014438867568969727,
    0.013182640075683594,
    0.013253450393676758,
    0.014247894287109375,
    0.0134735107421875,
    0.014044046401977539,
    0.013846158981323242,
    0.013257980346679688,
    0.013270139694213867,
    0.013410091400146484,
    0.012923955917358398,
    0.013834953308105469,
    0.014128684997558594,
    0.013992071151733398,
    0.017209768295288086,
    0.014275312423706055,
    0.01401829719543457,
    0.01329350471496582,
    0.013301610946655273,
    0.013395309448242188,
    0.013740062713623047,
    0.014080524444580078,
    0.01461935043334961,
    0.013503074645996094,
    0.014026165008544922,
    0.013381242752075195,
    0.013396739959716797,
    0.012962818145751953,
    0.013094663619995117,
    0.01245260238647461,
    0.013329505920410156,
    0.016458988189697266,
    0.013410091400146484,
    0.013317108154296875,
    0.013651132583618164,
    0.013802766799926758,
    0.014190196990966797,
    0.014616250991821289,
    0.014025449752807617,
    0.014518022537231445,
    0.01608133316040039,
    0.014740705490112305,
    0.015900373458862305,
    0.016021013259887695,
    0.015265226364135742,
    0.014526605606079102,
    0.014467716217041016,
    0.013583660125732422,
    0.014738321304321289,
    0.016387224197387695,
    0.014429330825805664,
    0.014717817306518555,
    0.013370037078857422,
    0.013073921203613281,
    0.01335453987121582,
    0.014140605926513672,
    0.015026330947875977,
    0.013245105743408203,
    0.013365030288696289,
    0.01593637466430664,
    0.015194892883300781,
    0.013608455657958984,
    0.015360116958618164,
    0.015697240829467773,
    0.015346288681030273,
    0.014932870864868164,
    0.014322519302368164,
    0.015651702880859375,
    0.016261816024780273,
    0.01581120491027832,
    0.015393257141113281,
    0.013125181198120117,
    0.013301372528076172,
    0.015698671340942383,
    0.015076637268066406,
    0.01337432861328125,
    0.014347076416015625,
    0.012214422225952148,
    0.012445688247680664,
    0.013196706771850586,
    0.013027429580688477,
    0.011719942092895508,
    0.012069940567016602,
    0.013514518737792969,
    0.012992143630981445,
    0.013740777969360352,
    0.013399124145507812,
    0.012476921081542969,
    0.016476154327392578,
    0.01558828353881836,
    0.01526331901550293,
    0.015338659286499023,
    0.016060829162597656,
    0.01685357093811035,
    0.016277790069580078,
    0.015981674194335938,
    0.01605844497680664,
    0.015962600708007812,
    0.01418757438659668,
    0.018502473831176758,
    0.016636371612548828,
    0.01449441909790039,
    0.015610694885253906,
    0.014606714248657227,
    0.015406131744384766,
    0.015413045883178711,
    0.014966011047363281,
    0.015758752822875977,
    0.015426397323608398,
    0.01593303680419922,
    0.016327381134033203,
    0.015796422958374023,
    0.015633821487426758,
    0.01547551155090332,
    0.015860319137573242,
    0.017743587493896484,
    0.0158541202545166,
    0.01592230796813965,
    0.015914440155029297,
    0.015553474426269531,
    0.01563405990600586,
    0.015732526779174805,
    0.015430212020874023,
    0.01784205436706543,
    0.016083955764770508,
    0.015779972076416016,
    0.015816926956176758,
    0.018096208572387695,
    0.016600608825683594,
    0.01677870750427246,
    0.016356229782104492,
    0.015702247619628906,
    0.016330957412719727,
    0.016192913055419922,
    0.015845298767089844,
    0.016321182250976562,
    0.016034841537475586,
    0.01603865623474121,
    0.016151905059814453,
    0.01624894142150879,
    0.01661515235900879,
    0.01633477210998535,
    0.017753124237060547,
    0.016246557235717773,
    0.016173124313354492,
    0.015931129455566406,
    0.01532745361328125,
    0.016207456588745117,
    0.015460014343261719,
    0.015783071517944336,
    0.015315771102905273,
    0.014067649841308594,
    0.015254974365234375,
    0.014072179794311523,
    0.015697479248046875,
    0.014743804931640625,
    0.014254570007324219,
    0.016535520553588867,
    0.016707658767700195,
    0.015991926193237305,
    0.01585221290588379,
    0.0161130428314209,
    0.016013622283935547,
    0.015898942947387695,
    0.015993595123291016,
    0.015006542205810547,
