{
  "config": {
    "num_queries": 502,
    "dataset_type": "complete",
    "init_time": 27.800841569900513
  },
  "performance": {
    "avg_time": 0.014972641173586902,
    "median_time": 0.015083909034729004,
    "std_time": 0.0011203551739150939,
    "min_time": 0.012187004089355469,
    "max_time": 0.023125886917114258,
    "success_rate": 1.0,
    "total_matches": 856,
    "failed_queries": []
  },
  "query_times": [
    0.01760387420654297,
    0.01583695411682129,
    0.015713214874267578,
    0.014791488647460938,
    0.015447378158569336,
    0.015481948852539062,
    0.013602972030639648,
    0.01322793960571289,
    0.014565706253051758,
    0.015251636505126953,
    0.015259742736816406,
    0.015565633773803711,
    0.015105485916137695,
    0.015435457229614258,
    0.013265132904052734,
    0.014338254928588867,
    0.014058828353881836,
    0.015093088150024414,
    0.014081954956054688,
    0.015565633773803711,
    0.01480412483215332,
    0.015517711639404297,
    0.015550851821899414,
    0.01417994499206543,
    0.015134572982788086,
    0.014528274536132812,
    0.015467643737792969,
    0.016443729400634766,
    0.0159604549407959,
    0.015517711639404297,
    0.014146566390991211,
    0.015380859375,
    0.015690326690673828,
    0.016053438186645508,
    0.015904903411865234,
    0.015361309051513672,
    0.01540994644165039,
    0.015000104904174805,
    0.014588117599487305,
    0.014939308166503906,
    0.014890670776367188,
    0.015128612518310547,
    0.01597905158996582,
    0.014578580856323242,
    0.013626813888549805,
    0.015045881271362305,
    0.014076471328735352,
    0.01385354995727539,
    0.014413118362426758,
    0.013374567031860352,
    0.013288259506225586,
    0.012810230255126953,
    0.013385772705078125,
    0.013280153274536133,
    0.014327049255371094,
    0.015491962432861328,
    0.01536417007446289,
    0.013498544692993164,
    0.014681339263916016,
    0.015225648880004883,
    0.014520406723022461,
    0.015407085418701172,
    0.014526605606079102,
    0.013756036758422852,
    0.014419078826904297,
    0.01556849479675293,
    0.015636444091796875,
    0.01567816734313965,
    0.01567864418029785,
    0.015580892562866211,
    0.014955282211303711,
    0.015030860900878906,
    0.015085220336914062,
    0.015422344207763672,
    0.015097618103027344,
    0.015211343765258789,
    0.015207290649414062,
    0.01527857780456543,
    0.014716386795043945,
    0.015294790267944336,
    0.015294075012207031,
    0.014983415603637695,
    0.015244245529174805,
    0.015753984451293945,
    0.015508174896240234,
    0.01349186897277832,
    0.014767646789550781,
    0.014343500137329102,
    0.014373064041137695,
    0.014452219009399414,
    0.01616048812866211,
    0.015897750854492188,
    0.015991926193237305,
    0.01548457145690918,
    0.01575160026550293,
    0.014924287796020508,
    0.015418529510498047,
    0.014600515365600586,
    0.016091108322143555,
    0.015373945236206055,
    0.015521049499511719,
    0.015581369400024414,
    0.01357579231262207,
    0.013342142105102539,
    0.013677120208740234,
    0.014178037643432617,
    0.014409065246582031,
    0.015540122985839844,
    0.014607667922973633,
    0.014333486557006836,
    0.014560699462890625,
    0.013643264770507812,
    0.01491856575012207,
    0.015630722045898438,
    0.01577162742614746,
    0.01380777359008789,
    0.013524055480957031,
    0.014427661895751953,
    0.015512943267822266,
    0.015459537506103516,
    0.014683961868286133,
    0.015166044235229492,
    0.015342950820922852,
    0.015398263931274414,
    0.014800548553466797,
    0.015232086181640625,
    0.016727447509765625,
    0.01567840576171875,
    0.015315771102905273,
    0.014971017837524414,
    0.013256072998046875,
    0.014382362365722656,
    0.014255285263061523,
    0.014840126037597656,
    0.015214920043945312,
    0.015314817428588867,
    0.01531672477722168,
    0.014857292175292969,
    0.015126943588256836,
    0.014440536499023438,
    0.015082836151123047,
    0.015334844589233398,
    0.014876127243041992,
    0.015619754791259766,
    0.015413284301757812,
    0.014226436614990234,
    0.014962434768676758,
    0.014179229736328125,
    0.013671636581420898,
    0.013978719711303711,
    0.014171123504638672,
    0.01323843002319336,
    0.013387918472290039,
    0.015478134155273438,
    0.0146484375,
    0.014105081558227539,
    0.014885425567626953,
    0.015441179275512695,
    0.015488386154174805,
    0.015210151672363281,
    0.016058683395385742,
    0.016056537628173828,
    0.015041589736938477,
    0.014817237854003906,
    0.014942407608032227,
    0.014257192611694336,
    0.015304088592529297,
    0.01505279541015625,
    0.015488147735595703,
    0.015912294387817383,
    0.01538705825805664,
    0.014724969863891602,
    0.013062477111816406,
    0.013232707977294922,
    0.014394521713256836,
    0.015045404434204102,
    0.015371084213256836,
    0.014954566955566406,
    0.014975786209106445,
    0.014774084091186523,
    0.01490330696105957,
    0.01535487174987793,
    0.01568150520324707,
    0.017637968063354492,
    0.015727519989013672,
    0.015572786331176758,
    0.015234947204589844,
    0.01531672477722168,
    0.01537013053894043,
    0.016109228134155273,
    0.015390872955322266,
    0.013416528701782227,
    0.013861417770385742,
    0.015474319458007812,
    0.014357566833496094,
    0.013469934463500977,
    0.01335000991821289,
    0.013007164001464844,
    0.013074636459350586,
    0.01324772834777832,
    0.015290021896362305,
    0.014444828033447266,
    0.015021800994873047,
    0.014887809753417969,
    0.014635324478149414,
    0.013253927230834961,
    0.013308525085449219,
    0.014616250991821289,
    0.01349496841430664,
    0.014508485794067383,
    0.015665769577026367,
    0.014447689056396484,
    0.015405893325805664,
    0.01507115364074707,
    0.015550613403320312,
    0.015475273132324219,
    0.015092849731445312,
    0.01558685302734375,
    0.014834880828857422,
    0.014080286026000977,
    0.015406608581542969,
    0.013643741607666016,
    0.01589202880859375,
    0.015522003173828125,
    0.016143798828125,
    0.015275001525878906,
    0.015912532806396484,
    0.0156402587890625,
    0.015732288360595703,
    0.01584911346435547,
    0.015723466873168945,
    0.015387535095214844,
    0.014722824096679688,
    0.01568293571472168,
    0.013818502426147461,
    0.015103340148925781,
    0.014758110046386719,
    0.014922142028808594,
    0.014878273010253906,
    0.013989925384521484,
    0.01362299919128418,
    0.013888120651245117,
    0.022838354110717773,
    0.023125886917114258,
    0.017212867736816406,
    0.014178276062011719,
    0.015521764755249023,
    0.016080856323242188,
    0.015343904495239258,
    0.015242815017700195,
    0.015434980392456055,
    0.015416383743286133,
    0.015174150466918945,
    0.015073537826538086,
    0.014348983764648438,
    0.014626741409301758,
    0.014419078826904297,
    0.014831066131591797,
    0.013405561447143555,
    0.013330221176147461,
    0.01869821548461914,
    0.015064001083374023,
    0.014743804931640625,
    0.013627052307128906,
    0.015166282653808594,
    0.0146331787109375,
    0.014931917190551758,
    0.014342308044433594,
    0.014957189559936523,
    0.014806985855102539,
    0.015360593795776367,
    0.014278411865234375,
    0.01403951644897461,
    0.015134811401367188,
    0.014561653137207031,
    0.01469111442565918,
    0.014357805252075195,
    0.014628171920776367,
    0.016304492950439453,
    0.016336441040039062,
    0.01630854606628418,
    0.016183137893676758,
    0.016210556030273438,
    0.016212940216064453,
    0.016173839569091797,
    0.016178131103515625,
    0.015836715698242188,
    0.01596808433532715,
    0.015845060348510742,
    0.01493978500366211,
    0.015513896942138672,
    0.015374898910522461,
    0.015388250350952148,
    0.01521754264831543,
