{
  "config": {
    "num_queries": 100,
    "dataset_type": "subset",
    "init_time": 11.861495971679688
  },
  "performance": {
    "avg_time": 1.2253246402740479,
    "avg_time_no_init": 1.2375845909118652,
    "std_time": 1.4070172953782927,
    "min_time": 0.010687112808227539,
    "median_time": 0.02749764919281006,
    "max_time": 4.394831895828247,
    "success_rate": 0.94,
    "total_matches": 418
  },
  "quality": {
    "precision": 0.0,
    "recall": 0.0,
    "f1_score": 0.0,
    "mrr": 0.0,
    "hit_rate": 0.0,
    "cache_hit_rate": 0.0
  },
  "query_times": [
    0.011589527130126953,
    0.010942459106445312,
    0.010962724685668945,
    0.010742902755737305,
    0.010865926742553711,
    0.010780096054077148,
    0.010687112808227539,
    3.0880613327026367,
    0.015145063400268555,
    0.01810932159423828,
    2.37410306930542,
    2.4132251739501953,
    0.02763056755065918,
    3.2133381366729736,
    0.026871442794799805,
    0.01820230484008789,
    0.013700008392333984,
    0.010871648788452148,
    0.013186454772949219,
    0.01093149185180664,
    2.609924077987671,
    3.8097596168518066,
    0.027479171752929688,
    2.2616989612579346,
    1.812288761138916,
    2.728088617324829,
    0.027757883071899414,
    0.018093585968017578,
    2.01670241355896,
    0.02751612663269043,
    2.4617199897766113,
    0.028751373291015625,
    2.268512010574341,
    0.027343273162841797,
    2.889725923538208,
    0.026337146759033203,
    2.250624179840088,
    0.02695631980895996,
    0.018528223037719727,
    2.6126785278320312,
    0.026659250259399414,
    2.3714232444763184,
    3.44181489944458,
    2.7003607749938965,
    2.125769853591919,
    2.7782418727874756,
    0.026068687438964844,
    3.029209852218628,
    0.026996374130249023,
    0.018187761306762695,
    3.4975411891937256,
    0.027039289474487305,
    2.552337646484375,
    0.031591176986694336,
    4.394831895828247,
    0.027010679244995117,
    2.8286261558532715,
    4.153242588043213,
    2.970587730407715,
    0.025344371795654297,
    0.01701951026916504,
    3.6012277603149414,
    2.3435096740722656,
    0.026862144470214844,
    2.4657187461853027,
    0.02655172348022461,
    0.02025461196899414,
    0.01399993896484375,
    2.259124994277954,
    3.204120397567749,
    0.028802871704101562,
    0.015684843063354492,
    0.011844873428344727,
    2.7909228801727295,
    0.027253150939941406,
    0.018967390060424805,
    2.111541748046875,
    0.026201963424682617,
    0.025385141372680664,
    0.015456914901733398,
    0.011759281158447266,
    2.9165635108947754,
    0.026225805282592773,
    0.017396926879882812,
    0.012837648391723633,
    2.3301784992218018,
    0.027188777923583984,
    0.025362491607666016,
    2.7740821838378906,
    1.8823215961456299,
    0.026463031768798828,
    2.8360939025878906,
    2.6444478034973145,
    0.023960590362548828,
    2.949821710586548,
    3.025470018386841,
    2.851983070373535,
    0.027347087860107422,
    2.7219972610473633,
    0.027193307876586914
  ]
}