{
  "union": {
    "L1": {
      "metrics": {
        "hit@1": 0.5,
        "hit@3": 0.5,
        "hit@5": 0.7,
        "precision": 0.3,
        "recall": 0.6199999999999999,
        "f1_score": 0.3533333333333334,
        "valid_queries": 10
      },
      "time": 0.3006718158721924,
      "avg_time": 0.030067181587219237
    },
    "L1_L2": {
      "metrics": {
        "hit@1": 0.2,
        "hit@3": 0.4,
        "hit@5": 0.4,
        "precision": 0.24,
        "recall": 0.32,
        "f1_score": 0.25333333333333335,
        "valid_queries": 10
      },
      "time": 7.322788953781128,
      "avg_time": 0.7322788953781127
    },
    "L1_L2_L3": {
      "metrics": {
        "hit@1": 0.4,
        "hit@3": 0.4,
        "hit@5": 0.4,
        "precision": 0.34,
        "recall": 0.26,
        "f1_score": 0.2733333333333333,
        "valid_queries": 10
      },
      "time": 9.789354085922241,
      "avg_time": 0.9789354085922242
    }
  }
}