{
  "union": {
    "L1": {
      "metrics": {
        "hit@1": 0.3333333333333333,
        "hit@3": 0.3333333333333333,
        "hit@5": 0.6666666666666666,
        "precision": 0.39999999999999997,
        "recall": 0.6666666666666666,
        "f1_score": 0.4444444444444445,
        "valid_queries": 3
      },
      "time": 0.21087121963500977,
      "avg_time": 0.07029040654500325
    },
    "L1_L2": {
      "metrics": {
        "hit@1": 0.0,
        "hit@3": 0.0,
        "hit@5": 0.0,
        "precision": 0.0,
        "recall": 0.0,
        "f1_score": 0.0,
        "valid_queries": 3
      },
      "time": 7.84331488609314,
      "avg_time": 2.61443829536438
    },
    "L1_L2_L3": {
      "metrics": {
        "hit@1": 0.0,
        "hit@3": 0.0,
        "hit@5": 0.0,
        "precision": 0.0,
        "recall": 0.0,
        "f1_score": 0.0,
        "valid_queries": 3
      },
      "time": 0.06798410415649414,
      "avg_time": 0.022661368052164715
    }
  }
}