{
  "join": {
    "L1": {
      "metrics": {
        "hit@1": 0.22072936660268713,
        "hit@3": 0.3685220729366603,
        "hit@5": 0.40786948176583493,
        "precision": 0.10345489443378186,
        "recall": 0.14164524694755037,
        "f1_score": 0.10771463342675285,
        "valid_queries": 1042
      },
      "time": 53.54790544509888,
      "avg_time": 0.051389544573031555
    },
    "L1_L2": {
      "metrics": {
        "hit@1": 0.2380038387715931,
        "hit@3": 0.3656429942418426,
        "hit@5": 0.4145873320537428,
        "precision": 0.10806142034549016,
        "recall": 0.1491138526647166,
        "f1_score": 0.1119459302119618,
        "valid_queries": 1042
      },
      "time": 121.01364064216614,
      "avg_time": 0.1161359315183936
    },
    "L1_L2_L3": {
      "metrics": {
        "hit@1": 0.2380038387715931,
        "hit@3": 0.3646833013435701,
        "hit@5": 0.4107485604606526,
        "precision": 0.12005758157389704,
        "recall": 0.14572293775748696,
        "f1_score": 0.11789451727153458,
        "valid_queries": 1042
      },
      "time": 299.20611572265625,
      "avg_time": 0.2871459843787488
    }
  },
  "union": {
    "L1": {
      "metrics": {
        "hit@1": 0.8044692737430168,
        "hit@3": 0.8653010552451893,
        "hit@5": 0.8789571694599627,
        "precision": 0.4164494103041645,
        "recall": 0.21514001258979215,
        "f1_score": 0.27240730459646817,
        "valid_queries": 3222
      },
      "time": 805.0491874217987,
      "avg_time": 0.24986008299869605
    },
    "L1_L2": {
      "metrics": {
        "hit@1": 0.8373680943513345,
        "hit@3": 0.8960273122284296,
        "hit@5": 0.9106145251396648,
        "precision": 0.4188081936685355,
        "recall": 0.21704281103302817,
        "f1_score": 0.2745112670137249,
        "valid_queries": 3222
      },
      "time": 852.9245889186859,
      "avg_time": 0.26471899097414214
    },
    "L1_L2_L3": {
      "metrics": {
        "hit@1": 0.8345747982619491,
        "hit@3": 0.8941651148355059,
        "hit@5": 0.9065797641216635,
        "precision": 0.818177115663149,
        "recall": 0.20350577066220893,
        "f1_score": 0.3089317098387926,
        "valid_queries": 3222
      },
      "time": 1668.6630580425262,
      "avg_time": 0.5178966660591329
    }
  }
}