{
  "join": {
    "L1": {
      "metrics": {
        "hit@1": 0.18518518518518517,
        "hit@3": 0.25925925925925924,
        "hit@5": 0.25925925925925924,
        "precision": 0.07407407407407407,
        "recall": 0.21604938271604937,
        "f1_score": 0.1080246913580247,
        "valid_queries": 27
      },
      "time": 5.211566686630249,
      "avg_time": 0.10423133373260499
    },
    "L1_L2": {
      "metrics": {
        "hit@1": 0.14814814814814814,
        "hit@3": 0.25925925925925924,
        "hit@5": 0.4444444444444444,
        "precision": 0.10370370370370371,
        "recall": 0.4197530864197531,
        "f1_score": 0.1626984126984127,
        "valid_queries": 27
      },
      "time": 32.175262212753296,
      "avg_time": 0.643505244255066
    },
    "L1_L2_L3": {
      "metrics": {
        "hit@1": 0.18518518518518517,
        "hit@3": 0.2962962962962963,
        "hit@5": 0.4444444444444444,
        "precision": 0.1388888888888889,
        "recall": 0.4197530864197531,
        "f1_score": 0.19479717813051145,
        "valid_queries": 27
      },
      "time": 44.04023623466492,
      "avg_time": 0.8808047246932983
    }
  },
  "union": {
    "L1": {
      "metrics": {
        "hit@1": 0.9333333333333333,
        "hit@3": 0.9666666666666667,
        "hit@5": 0.9666666666666667,
        "precision": 0.6133333333333334,
        "recall": 0.17980087167618017,
        "f1_score": 0.26049415580767954,
        "valid_queries": 30
      },
      "time": 19.666340351104736,
      "avg_time": 0.3933268070220947
    },
    "L1_L2": {
      "metrics": {
        "hit@1": 0.9666666666666667,
        "hit@3": 0.9666666666666667,
        "hit@5": 0.9666666666666667,
        "precision": 0.6333333333333332,
        "recall": 0.18248789036784283,
        "f1_score": 0.2656942537282948,
        "valid_queries": 30
      },
      "time": 55.73582577705383,
      "avg_time": 1.1147165155410768
    },
    "L1_L2_L3": {
      "metrics": {
        "hit@1": 0.9666666666666667,
        "hit@3": 0.9666666666666667,
        "hit@5": 0.9666666666666667,
        "precision": 0.9516666666666667,
        "recall": 0.16691996173644663,
        "f1_score": 0.2635407810773295,
        "valid_queries": 30
      },
      "time": 84.79117393493652,
      "avg_time": 1.6958234786987305
    }
  }
}