{
  "join": {
    "L1": {
      "metrics": {
        "hit@1": 0.1111111111111111,
        "hit@3": 0.1111111111111111,
        "hit@5": 0.1111111111111111,
        "precision": 0.022222222222222223,
        "recall": 0.012345679012345678,
        "f1_score": 0.015873015873015872,
        "valid_queries": 9
      },
      "time": 1.0067286491394043,
      "avg_time": 0.10067286491394042
    },
    "L1_L2": {
      "metrics": {
        "hit@1": 0.1111111111111111,
        "hit@3": 0.1111111111111111,
        "hit@5": 0.1111111111111111,
        "precision": 0.022222222222222223,
        "recall": 0.012345679012345678,
        "f1_score": 0.015873015873015872,
        "valid_queries": 9
      },
      "time": 17.912604808807373,
      "avg_time": 1.7912604808807373
    },
    "L1_L2_L3": {
      "metrics": {
        "hit@1": 0.1111111111111111,
        "hit@3": 0.1111111111111111,
        "hit@5": 0.1111111111111111,
        "precision": 0.022222222222222223,
        "recall": 0.012345679012345678,
        "f1_score": 0.015873015873015872,
        "valid_queries": 9
      },
      "time": 24.182263612747192,
      "avg_time": 2.4182263612747192
    }
  },
  "union": {
    "L1": {
      "metrics": {
        "hit@1": 0.6666666666666666,
        "hit@3": 0.6666666666666666,
        "hit@5": 0.6666666666666666,
        "precision": 0.13333333333333333,
        "recall": 0.09416971916971917,
        "f1_score": 0.10340244550770866,
        "valid_queries": 6
      },
      "time": 4.82729959487915,
      "avg_time": 0.48272995948791503
    },
    "L1_L2": {
      "metrics": {
        "hit@1": 0.6666666666666666,
        "hit@3": 0.6666666666666666,
        "hit@5": 0.6666666666666666,
        "precision": 0.13333333333333333,
        "recall": 0.09416971916971917,
        "f1_score": 0.10340244550770866,
        "valid_queries": 6
      },
      "time": 20.474486589431763,
      "avg_time": 2.047448658943176
    },
    "L1_L2_L3": {
      "metrics": {
        "hit@1": 0.6666666666666666,
        "hit@3": 0.6666666666666666,
        "hit@5": 0.6666666666666666,
        "precision": 0.47222222222222215,
        "recall": 0.09416971916971917,
        "f1_score": 0.1561157796451914,
        "valid_queries": 6
      },
      "time": 43.06439471244812,
      "avg_time": 4.306439471244812
    }
  }
}