{
  "join": {
    "L1": {
      "metrics": {
        "hit@1": 0.0,
        "hit@3": 0.0,
        "hit@5": 0.0,
        "precision": 0.0,
        "recall": 0.0,
        "f1_score": 0.0,
        "valid_queries": 6
      },
      "time": 0.872711181640625,
      "avg_time": 0.0872711181640625
    },
    "L1_L2": {
      "metrics": {
        "hit@1": 0.0,
        "hit@3": 0.16666666666666666,
        "hit@5": 0.5,
        "precision": 0.10000000000000002,
        "recall": 0.5,
        "f1_score": 0.16666666666666666,
        "valid_queries": 6
      },
      "time": 12.507492303848267,
      "avg_time": 1.2507492303848267
    },
    "L1_L2_L3": {
      "metrics": {
        "hit@1": 0.0,
        "hit@3": 0.16666666666666666,
        "hit@5": 0.5,
        "precision": 0.10000000000000002,
        "recall": 0.5,
        "f1_score": 0.16666666666666666,
        "valid_queries": 6
      },
      "time": 15.476003646850586,
      "avg_time": 1.5476003646850587
    }
  },
  "union": {
    "L1": {
      "metrics": {
        "hit@1": 0.8571428571428571,
        "hit@3": 1.0,
        "hit@5": 1.0,
        "precision": 0.6285714285714287,
        "recall": 0.18656462585034014,
        "f1_score": 0.2774854161582646,
        "valid_queries": 7
      },
      "time": 3.2081761360168457,
      "avg_time": 0.3208176136016846
    },
    "L1_L2": {
      "metrics": {
        "hit@1": 1.0,
        "hit@3": 1.0,
        "hit@5": 1.0,
        "precision": 0.6571428571428573,
        "recall": 0.19098639455782312,
        "f1_score": 0.28630639909689465,
        "valid_queries": 7
      },
      "time": 16.577051877975464,
      "avg_time": 1.6577051877975464
    },
    "L1_L2_L3": {
      "metrics": {
        "hit@1": 1.0,
        "hit@3": 1.0,
        "hit@5": 1.0,
        "precision": 0.9642857142857143,
        "recall": 0.1695578231292517,
        "f1_score": 0.27092288708197343,
        "valid_queries": 7
      },
      "time": 5.529960870742798,
      "avg_time": 0.5529960870742798
    }
  }
}