{
  "join": {
    "L1": {
      "metrics": {
        "hit@1": 0.0,
        "hit@3": 0.0,
        "hit@5": 0.0,
        "precision": 0.0,
        "recall": 0.0,
        "f1_score": 0.0,
        "valid_queries": 1
      },
      "time": 0.1398475170135498,
      "avg_time": 0.027969503402709962
    },
    "L1_L2": {
      "metrics": {
        "hit@1": 0.0,
        "hit@3": 0.0,
        "hit@5": 0.0,
        "precision": 0.0,
        "recall": 0.0,
        "f1_score": 0.0,
        "valid_queries": 1
      },
      "time": 15.726463556289673,
      "avg_time": 3.1452927112579347
    },
    "L1_L2_L3": {
      "metrics": {
        "hit@1": 0.0,
        "hit@3": 0.0,
        "hit@5": 0.0,
        "precision": 0.0,
        "recall": 0.0,
        "f1_score": 0.0,
        "valid_queries": 1
      },
      "time": 22.87977910041809,
      "avg_time": 4.575955820083618
    }
  },
  "union": {
    "L1": {
      "metrics": {
        "hit@1": 0.0,
        "hit@3": 0.0,
        "hit@5": 0.0,
        "precision": 0.0,
        "recall": 0.0,
        "f1_score": 0.0,
        "valid_queries": 1
      },
      "time": 0.22880005836486816,
      "avg_time": 0.04576001167297363
    },
    "L1_L2": {
      "metrics": {
        "hit@1": 1.0,
        "hit@3": 1.0,
        "hit@5": 1.0,
        "precision": 0.2,
        "recall": 1.0,
        "f1_score": 0.33333333333333337,
        "valid_queries": 1
      },
      "time": 14.508726835250854,
      "avg_time": 2.9017453670501707
    },
    "L1_L2_L3": {
      "metrics": {
        "hit@1": 1.0,
        "hit@3": 1.0,
        "hit@5": 1.0,
        "precision": 0.2,
        "recall": 1.0,
        "f1_score": 0.33333333333333337,
        "valid_queries": 1
      },
      "time": 22.885342359542847,
      "avg_time": 4.57706847190857
    }
  }
}