{
  "join": {
    "L1": {
      "metrics": {
        "hit@1": 0.3333333333333333,
        "hit@3": 0.3333333333333333,
        "hit@5": 0.3333333333333333,
        "precision": 0.06666666666666667,
        "recall": 0.1111111111111111,
        "f1_score": 0.08333333333333333,
        "valid_queries": 3
      },
      "time": 0.03280282020568848,
      "avg_time": 0.010934273401896158
    },
    "L1_L2": {
      "metrics": {
        "hit@1": 0.0,
        "hit@3": 0.0,
        "hit@5": 0.0,
        "precision": 0.0,
        "recall": 0.0,
        "f1_score": 0.0,
        "valid_queries": 3
      },
      "time": 0.03160905838012695,
      "avg_time": 0.01053635279337565
    },
    "L1_L2_L3": {
      "metrics": {
        "hit@1": 0.0,
        "hit@3": 0.0,
        "hit@5": 0.0,
        "precision": 0.0,
        "recall": 0.0,
        "f1_score": 0.0,
        "valid_queries": 3
      },
      "time": 10.526656866073608,
      "avg_time": 3.508885622024536
    }
  }
}