{
  "join": {
    "L1": {
      "metrics": {
        "hit@1": 0.18518518518518517,
        "hit@3": 0.25925925925925924,
        "hit@5": 0.25925925925925924,
        "precision": 0.07407407407407407,
        "recall": 0.2160493827160494,
        "f1_score": 0.10802469135802471,
        "valid_queries": 27
      },
      "time": 3.7611453533172607,
      "avg_time": 0.07522290706634521
    },
    "L1_L2": {
      "metrics": {
        "hit@1": 0.14814814814814814,
        "hit@3": 0.25925925925925924,
        "hit@5": 0.4444444444444444,
        "precision": 0.1037037037037037,
        "recall": 0.4197530864197531,
        "f1_score": 0.16269841269841276,
        "valid_queries": 27
      },
      "time": 19.462428092956543,
      "avg_time": 0.38924856185913087
    },
    "L1_L2_L3": {
      "metrics": {
        "hit@1": 0.14814814814814814,
        "hit@3": 0.25925925925925924,
        "hit@5": 0.4444444444444444,
        "precision": 0.13518518518518519,
        "recall": 0.4197530864197531,
        "f1_score": 0.18985890652557322,
        "valid_queries": 27
      },
      "time": 31.121621131896973,
      "avg_time": 0.6224324226379394
    }
  },
  "union": {
    "L1": {
      "metrics": {
        "hit@1": 0.9333333333333333,
        "hit@3": 0.9666666666666667,
        "hit@5": 0.9666666666666667,
        "precision": 0.6133333333333333,
        "recall": 0.17980087167618017,
        "f1_score": 0.26049415580767954,
        "valid_queries": 30
      },
      "time": 12.259207248687744,
      "avg_time": 0.24518414497375488
    },
    "L1_L2": {
      "metrics": {
        "hit@1": 0.9666666666666667,
        "hit@3": 0.9666666666666667,
        "hit@5": 0.9666666666666667,
        "precision": 0.6333333333333331,
        "recall": 0.18248789036784283,
        "f1_score": 0.2656942537282948,
        "valid_queries": 30
      },
      "time": 27.961118936538696,
      "avg_time": 0.559222378730774
    },
    "L1_L2_L3": {
      "metrics": {
        "hit@1": 0.9666666666666667,
        "hit@3": 0.9666666666666667,
        "hit@5": 0.9666666666666667,
        "precision": 0.9516666666666667,
        "recall": 0.1669199617364467,
        "f1_score": 0.2635407810773295,
        "valid_queries": 30
      },
      "time": 45.01579546928406,
      "avg_time": 0.9003159093856812
    }
  }
}