{
  "experiment_info": {
    "timestamp": "20250820_202625",
    "task_type": "join",
    "dataset_type": "subset",
    "max_queries": 2,
    "mode": "static",
    "enable_dynamic": false
  },
  "results": {
    "L1": {
      "metrics": {
        "hit@1": 0.0,
        "hit@3": 0.0,
        "hit@5": 0.0,
        "precision": 0.0,
        "recall": 0.0,
        "f1_score": 0.0,
        "valid_queries": 2
      },
      "time": 0.029482126235961914,
      "avg_time": 0.014741063117980957,
      "dynamic": false,
      "predictions": {
        "csvData22293691.csv": [
          "csvData22980923.csv",
          "csvData24643235.csv",
          "csvData1800845.csv",
          "csvData18254710.csv",
          "csvData26294380.csv"
        ],
        "csvData10917663.csv": [
          "csvData12357349.csv",
          "csvData12722558.csv",
          "csvData15196643.csv",
          "csvData14919643.csv",
          "csvData7778755.csv"
        ]
      }
    },
    "L1_L2": {
      "metrics": {
        "hit@1": 0.0,
        "hit@3": 0.0,
        "hit@5": 0.0,
        "precision": 0.0,
        "recall": 0.0,
        "f1_score": 0.0,
        "valid_queries": 2
      },
      "time": 0.0252230167388916,
      "avg_time": 0.0126115083694458,
      "dynamic": false,
      "predictions": {
        "csvData22293691.csv": [
          "csvData22980923.csv",
          "csvData24643235.csv",
          "csvData26294380.csv",
          "csvData27008272__4.csv",
          "csvData27008272__5.csv"
        ],
        "csvData10917663.csv": [
          "csvData12357349.csv",
          "csvData15196643.csv",
          "csvData12520151.csv",
          "csvData14919643.csv",
          "csvData7778755.csv"
        ]
      }
    },
    "L1_L2_L3": {
      "metrics": {
        "hit@1": 0.0,
        "hit@3": 0.0,
        "hit@5": 0.0,
        "precision": 0.0,
        "recall": 0.0,
        "f1_score": 0.0,
        "valid_queries": 2
      },
      "time": 0.03312945365905762,
      "avg_time": 0.01656472682952881,
      "dynamic": false,
      "predictions": {
        "csvData22293691.csv": [
          "csvData24643235.csv"
        ],
        "csvData10917663.csv": [
          "csvData12520151.csv",
          "csvData12357349.csv",
          "csvData15196643.csv",
          "csvData14919643.csv",
          "csvData7778755.csv"
        ]
      }
    }
  },
  "summary": {
    "best_layer": null,
    "best_f1": 0,
    "best_hit1": 0
  }
}