{
  "join": {
    "L1": {
      "metrics": {
        "hit@1": 0.0,
        "hit@3": 0.0,
        "hit@5": 0.0,
        "precision": 0.0,
        "recall": 0.0,
        "f1_score": 0.0,
        "valid_queries": 1
      },
      "time": 0.023816823959350586,
      "avg_time": 0.023816823959350586
    },
    "L1_L2": {
      "metrics": {
        "hit@1": 1.0,
        "hit@3": 1.0,
        "hit@5": 1.0,
        "precision": 0.6,
        "recall": 1.0,
        "f1_score": 0.7499999999999999,
        "valid_queries": 1
      },
      "time": 0.1495647430419922,
      "avg_time": 0.1495647430419922
    },
    "L1_L2_L3": {
      "metrics": {
        "hit@1": 0.0,
        "hit@3": 0.0,
        "hit@5": 0.0,
        "precision": 0.0,
        "recall": 0.0,
        "f1_score": 0.0,
        "valid_queries": 1
      },
      "time": 15.777033567428589,
      "avg_time": 15.777033567428589
    }
  }
}