{
  "join": {
    "L1": {
      "metrics": {
        "hit@1": 0.22072936660268713,
        "hit@3": 0.3685220729366603,
        "hit@5": 0.40786948176583493,
        "precision": 0.10345489443378186,
        "recall": 0.1416452469475504,
        "f1_score": 0.10771463342675283,
        "valid_queries": 1042
      },
      "time": 64.9380145072937,
      "avg_time": 0.06232055135056977
    },
    "L1_L2": {
      "metrics": {
        "hit@1": 0.2380038387715931,
        "hit@3": 0.3656429942418426,
        "hit@5": 0.4145873320537428,
        "precision": 0.10806142034549016,
        "recall": 0.14911385266471658,
        "f1_score": 0.1119459302119618,
        "valid_queries": 1042
      },
      "time": 259.540518283844,
      "avg_time": 0.2490791922109827
    },
    "L1_L2_L3": {
      "metrics": {
        "hit@1": 0.23128598848368523,
        "hit@3": 0.3512476007677543,
        "hit@5": 0.390595009596929,
        "precision": 0.12519193857965497,
        "recall": 0.13734310848034473,
        "f1_score": 0.11527905882735302,
        "valid_queries": 1042
      },
      "time": 276.51042795181274,
      "avg_time": 0.26536509400365904
    }
  },
  "union": {
    "L1": {
      "metrics": {
        "hit@1": 0.8044692737430168,
        "hit@3": 0.8653010552451893,
        "hit@5": 0.8789571694599627,
        "precision": 0.41644941030416455,
        "recall": 0.21514001258979215,
        "f1_score": 0.27240730459646817,
        "valid_queries": 3222
      },
      "time": 744.8369719982147,
      "avg_time": 0.23117224456803684
    },
    "L1_L2": {
      "metrics": {
        "hit@1": 0.8373680943513345,
        "hit@3": 0.8960273122284296,
        "hit@5": 0.9106145251396648,
        "precision": 0.4188081936685355,
        "recall": 0.21704281103302817,
        "f1_score": 0.2745112670137249,
        "valid_queries": 3222
      },
      "time": 958.8114671707153,
      "avg_time": 0.29758270241176765
    },
    "L1_L2_L3": {
      "metrics": {
        "hit@1": 0.834885164494103,
        "hit@3": 0.8938547486033519,
        "hit@5": 0.9062693978895097,
        "precision": 0.8153527829505481,
        "recall": 0.19872740469754044,
        "f1_score": 0.3026800078134177,
        "valid_queries": 3222
      },
      "time": 1253.1332485675812,
      "avg_time": 0.38893024474474897
    }
  }
}