{
  "join": {
    "L1": {
      "metrics": {
        "hit@1": 0.0,
        "hit@3": 0.0,
        "hit@5": 0.2,
        "precision": 0.04,
        "recall": 0.06666666666666667,
        "f1_score": 0.05,
        "valid_queries": 5
      },
      "time": 0.02435588836669922,
      "avg_time": 0.004871177673339844
    },
    "L1_L2": {
      "metrics": {
        "hit@1": 0.0,
        "hit@3": 0.0,
        "hit@5": 0.0,
        "precision": 0.0,
        "recall": 0.0,
        "f1_score": 0.0,
        "valid_queries": 5
      },
      "time": 0.02287435531616211,
      "avg_time": 0.004574871063232422
    },
    "L1_L2_L3": {
      "metrics": {
        "hit@1": 0.0,
        "hit@3": 0.0,
        "hit@5": 0.0,
        "precision": 0.0,
        "recall": 0.0,
        "f1_score": 0.0,
        "valid_queries": 5
      },
      "time": 0.052349090576171875,
      "avg_time": 0.010469818115234375
    }
  }
}