{
  "join": {
    "L1": {
      "metrics": {
        "hit@1": 0.0,
        "hit@3": 0.0,
        "hit@5": 0.0,
        "precision": 0.0,
        "recall": 0.0,
        "f1_score": 0.0,
        "valid_queries": 6
      },
      "time": 0.39803457260131836,
      "avg_time": 0.03980345726013183
    },
    "L1_L2": {
      "metrics": {
        "hit@1": 0.0,
        "hit@3": 0.16666666666666666,
        "hit@5": 0.5,
        "precision": 0.10000000000000002,
        "recall": 0.5,
        "f1_score": 0.16666666666666666,
        "valid_queries": 6
      },
      "time": 0.3801102638244629,
      "avg_time": 0.038011026382446286
    },
    "L1_L2_L3": {
      "metrics": {
        "hit@1": 0.0,
        "hit@3": 0.16666666666666666,
        "hit@5": 0.5,
        "precision": 0.10000000000000002,
        "recall": 0.5,
        "f1_score": 0.16666666666666666,
        "valid_queries": 6
      },
      "time": 0.546867847442627,
      "avg_time": 0.054686784744262695
    }
  },
  "union": {
    "L1": {
      "metrics": {
        "hit@1": 0.8571428571428571,
        "hit@3": 1.0,
        "hit@5": 1.0,
        "precision": 0.6285714285714287,
        "recall": 0.18656462585034014,
        "f1_score": 0.2774854161582646,
        "valid_queries": 7
      },
      "time": 1.7923328876495361,
      "avg_time": 0.17923328876495362
    },
    "L1_L2": {
      "metrics": {
        "hit@1": 1.0,
        "hit@3": 1.0,
        "hit@5": 1.0,
        "precision": 0.6571428571428571,
        "recall": 0.19098639455782312,
        "f1_score": 0.28630639909689454,
        "valid_queries": 7
      },
      "time": 16.420546531677246,
      "avg_time": 1.6420546531677247
    },
    "L1_L2_L3": {
      "metrics": {
        "hit@1": 1.0,
        "hit@3": 1.0,
        "hit@5": 1.0,
        "precision": 0.9642857142857143,
        "recall": 0.1695578231292517,
        "f1_score": 0.27092288708197343,
        "valid_queries": 7
      },
      "time": 4.26040244102478,
      "avg_time": 0.42604024410247804
    }
  }
}