{
  "join": {
    "L1": {
      "metrics": {
        "hit@1": 0.3333333333333333,
        "hit@3": 0.3333333333333333,
        "hit@5": 0.3333333333333333,
        "precision": 0.06666666666666667,
        "recall": 0.1111111111111111,
        "f1_score": 0.08333333333333333,
        "valid_queries": 3
      },
      "time": 0.025824785232543945,
      "avg_time": 0.008608261744181315
    },
    "L1_L2": {
      "metrics": {
        "hit@1": 0.0,
        "hit@3": 0.0,
        "hit@5": 0.0,
        "precision": 0.0,
        "recall": 0.0,
        "f1_score": 0.0,
        "valid_queries": 3
      },
      "time": 0.030987024307250977,
      "avg_time": 0.010329008102416992
    },
    "L1_L2_L3": {
      "metrics": {
        "hit@1": 0.0,
        "hit@3": 0.0,
        "hit@5": 0.0,
        "precision": 0.0,
        "recall": 0.0,
        "f1_score": 0.0,
        "valid_queries": 3
      },
      "time": 0.041124582290649414,
      "avg_time": 0.013708194096883139
    }
  }
}