{
  "join": {
    "L1": {
      "metrics": {
        "hit@1": 0.0,
        "hit@3": 0.0,
        "hit@5": 0.2,
        "precision": 0.04,
        "recall": 0.06666666666666667,
        "f1_score": 0.05,
        "valid_queries": 5
      },
      "time": 0.026869773864746094,
      "avg_time": 0.005373954772949219
    },
    "L1_L2": {
      "metrics": {
        "hit@1": 0.0,
        "hit@3": 0.0,
        "hit@5": 0.0,
        "precision": 0.0,
        "recall": 0.0,
        "f1_score": 0.0,
        "valid_queries": 5
      },
      "time": 0.022310733795166016,
      "avg_time": 0.004462146759033203
    },
    "L1_L2_L3": {
      "metrics": {
        "hit@1": 0.0,
        "hit@3": 0.0,
        "hit@5": 0.0,
        "precision": 0.0,
        "recall": 0.0,
        "f1_score": 0.0,
        "valid_queries": 5
      },
      "time": 10.322533369064331,
      "avg_time": 2.064506673812866
    }
  }
}