{
  "join": {
    "L1": {
      "metrics": {
        "hit@1": 0.1,
        "hit@3": 0.2,
        "hit@5": 0.3,
        "precision": 0.1,
        "recall": 0.16666666666666666,
        "f1_score": 0.125,
        "valid_queries": 10
      },
      "time": 0.029717206954956055,
      "avg_time": 0.0029717206954956053
    },
    "L1_L2": {
      "metrics": {
        "hit@1": 0.4,
        "hit@3": 0.4,
        "hit@5": 0.5,
        "precision": 0.2,
        "recall": 0.4666666666666666,
        "f1_score": 0.2666666666666667,
        "valid_queries": 10
      },
      "time": 0.15424585342407227,
      "avg_time": 0.015424585342407227
    },
    "L1_L2_L3": {
      "metrics": {
        "hit@1": 0.0,
        "hit@3": 0.0,
        "hit@5": 0.0,
        "precision": 0.0,
        "recall": 0.0,
        "f1_score": 0.0,
        "valid_queries": 10
      },
      "time": 30.324748039245605,
      "avg_time": 3.0324748039245604
    }
  }
}