{
  "join": {
    "L1": {
      "metrics": {
        "hit@1": 0.0,
        "hit@3": 0.0,
        "hit@5": 0.0,
        "precision": 0.0,
        "recall": 0.0,
        "f1_score": 0.0,
        "valid_queries": 5
      },
      "time": 4.814307689666748,
      "avg_time": 0.9628615379333496
    },
    "L1_L2": {
      "metrics": {
        "hit@1": 0.2,
        "hit@3": 0.6,
        "hit@5": 0.6,
        "precision": 0.12000000000000002,
        "recall": 0.4666666666666666,
        "f1_score": 0.18333333333333335,
        "valid_queries": 5
      },
      "time": 4.886687517166138,
      "avg_time": 0.9773375034332276
    },
    "L1_L2_L3": {
      "metrics": {
        "hit@1": 0.2,
        "hit@3": 0.6,
        "hit@5": 0.6,
        "precision": 0.12000000000000002,
        "recall": 0.4666666666666666,
        "f1_score": 0.18333333333333335,
        "valid_queries": 5
      },
      "time": 19.614304304122925,
      "avg_time": 3.922860860824585
    }
  }
}