{
  "join": {
    "L1": {
      "metrics": {
        "hit@1": 0.25,
        "hit@3": 0.25,
        "hit@5": 0.5,
        "precision": 0.1,
        "recall": 0.17916666666666667,
        "f1_score": 0.11934523809523812,
        "valid_queries": 8
      },
      "time": 0.05087471008300781,
      "avg_time": 0.005087471008300782
    },
    "L1_L2": {
      "metrics": {
        "hit@1": 0.375,
        "hit@3": 0.5,
        "hit@5": 0.75,
        "precision": 0.19999999999999998,
        "recall": 0.3055555555555556,
        "f1_score": 0.2229166666666667,
        "valid_queries": 8
      },
      "time": 0.04090380668640137,
      "avg_time": 0.0040903806686401365
    },
    "L1_L2_L3": {
      "metrics": {
        "hit@1": 0.375,
        "hit@3": 0.5,
        "hit@5": 0.625,
        "precision": 0.2791666666666667,
        "recall": 0.29305555555555557,
        "f1_score": 0.2796626984126984,
        "valid_queries": 8
      },
      "time": 21.94371747970581,
      "avg_time": 2.194371747970581
    }
  },
  "union": {
    "L1": {
      "metrics": {
        "hit@1": 0.8,
        "hit@3": 1.0,
        "hit@5": 1.0,
        "precision": 0.36,
        "recall": 0.34633699633699633,
        "f1_score": 0.33822434875066454,
        "valid_queries": 5
      },
      "time": 0.15853309631347656,
      "avg_time": 0.015853309631347658
    },
    "L1_L2": {
      "metrics": {
        "hit@1": 1.0,
        "hit@3": 1.0,
        "hit@5": 1.0,
        "precision": 0.43999999999999995,
        "recall": 0.3426739926739926,
        "f1_score": 0.3653375863902179,
        "valid_queries": 5
      },
      "time": 7.283013343811035,
      "avg_time": 0.7283013343811036
    },
    "L1_L2_L3": {
      "metrics": {
        "hit@1": 0.6,
        "hit@3": 0.8,
        "hit@5": 1.0,
        "precision": 0.44000000000000006,
        "recall": 0.3426739926739927,
        "f1_score": 0.36533758639021796,
        "valid_queries": 5
      },
      "time": 29.63801908493042,
      "avg_time": 2.963801908493042
    }
  }
}