{
  "join": {
    "L1": {
      "metrics": {
        "hit@1": 0.0,
        "hit@3": 0.0,
        "hit@5": 0.0,
        "precision": 0.0,
        "recall": 0.0,
        "f1_score": 0.0,
        "valid_queries": 6
      },
      "time": 1.3816277980804443,
      "avg_time": 0.13816277980804442
    },
    "L1_L2": {
      "metrics": {
        "hit@1": 0.0,
        "hit@3": 0.16666666666666666,
        "hit@5": 0.5,
        "precision": 0.10000000000000002,
        "recall": 0.5,
        "f1_score": 0.16666666666666666,
        "valid_queries": 6
      },
      "time": 19.261003494262695,
      "avg_time": 1.9261003494262696
    },
    "L1_L2_L3": {
      "metrics": {
        "hit@1": 0.0,
        "hit@3": 0.16666666666666666,
        "hit@5": 0.5,
        "precision": 0.10000000000000002,
        "recall": 0.5,
        "f1_score": 0.16666666666666666,
        "valid_queries": 6
      },
      "time": 24.11542272567749,
      "avg_time": 2.411542272567749
    }
  },
  "union": {
    "L1": {
      "metrics": {
        "hit@1": 0.8571428571428571,
        "hit@3": 1.0,
        "hit@5": 1.0,
        "precision": 0.6285714285714287,
        "recall": 0.18656462585034014,
        "f1_score": 0.2774854161582646,
        "valid_queries": 7
      },
      "time": 5.808206558227539,
      "avg_time": 0.5808206558227539
    },
    "L1_L2": {
      "metrics": {
        "hit@1": 1.0,
        "hit@3": 1.0,
        "hit@5": 1.0,
        "precision": 0.6571428571428573,
        "recall": 0.19098639455782312,
        "f1_score": 0.28630639909689465,
        "valid_queries": 7
      },
      "time": 22.21229910850525,
      "avg_time": 2.221229910850525
    },
    "L1_L2_L3": {
      "metrics": {
        "hit@1": 1.0,
        "hit@3": 1.0,
        "hit@5": 1.0,
        "precision": 0.9642857142857143,
        "recall": 0.1695578231292517,
        "f1_score": 0.27092288708197343,
        "valid_queries": 7
      },
      "time": 35.824819803237915,
      "avg_time": 3.5824819803237915
    }
  }
}