{
  "join": {
    "L1": {
      "metrics": {
        "hit@1": 0.0,
        "hit@3": 0.0,
        "hit@5": 0.0,
        "precision": 0.0,
        "recall": 0.0,
        "f1_score": 0.0,
        "valid_queries": 6
      },
      "time": 1.0584304332733154,
      "avg_time": 0.10584304332733155
    },
    "L1_L2": {
      "metrics": {
        "hit@1": 0.0,
        "hit@3": 0.16666666666666666,
        "hit@5": 0.5,
        "precision": 0.10000000000000002,
        "recall": 0.5,
        "f1_score": 0.16666666666666666,
        "valid_queries": 6
      },
      "time": 27.446146965026855,
      "avg_time": 2.7446146965026856
    },
    "L1_L2_L3": {
      "metrics": {
        "hit@1": 0.0,
        "hit@3": 0.16666666666666666,
        "hit@5": 0.5,
        "precision": 0.10000000000000002,
        "recall": 0.5,
        "f1_score": 0.16666666666666666,
        "valid_queries": 6
      },
      "time": 25.809640645980835,
      "avg_time": 2.5809640645980836
    }
  },
  "union": {
    "L1": {
      "metrics": {
        "hit@1": 0.8571428571428571,
        "hit@3": 1.0,
        "hit@5": 1.0,
        "precision": 0.6285714285714287,
        "recall": 0.18656462585034014,
        "f1_score": 0.2774854161582646,
        "valid_queries": 7
      },
      "time": 4.4863481521606445,
      "avg_time": 0.44863481521606446
    },
    "L1_L2": {
      "metrics": {
        "hit@1": 1.0,
        "hit@3": 1.0,
        "hit@5": 1.0,
        "precision": 0.6571428571428571,
        "recall": 0.1909863945578231,
        "f1_score": 0.28630639909689465,
        "valid_queries": 7
      },
      "time": 26.733394622802734,
      "avg_time": 2.6733394622802735
    },
    "L1_L2_L3": {
      "metrics": {
        "hit@1": 1.0,
        "hit@3": 1.0,
        "hit@5": 1.0,
        "precision": 0.9523809523809523,
        "recall": 0.15368480725623582,
        "f1_score": 0.25260786876695507,
        "valid_queries": 7
      },
      "time": 30.107037782669067,
      "avg_time": 3.010703778266907
    }
  }
}