{
  "join": {
    "L1": {
      "metrics": {
        "hit@1": 0.6339522546419099,
        "hit@3": 0.7851458885941645,
        "hit@5": 0.8514588859416445,
        "precision": 0.41803713527851444,
        "recall": 0.5552659055768334,
        "f1_score": 0.4047261259903741,
        "valid_queries": 377
      },
      "time": 12.923329830169678,
      "avg_time": 0.025846659660339357
    },
    "L1_L2": {
      "metrics": {
        "hit@1": 0.6445623342175066,
        "hit@3": 0.8328912466843501,
        "hit@5": 0.8938992042440318,
        "precision": 0.444562334217506,
        "recall": 0.5990829859323754,
        "f1_score": 0.43060878614145665,
        "valid_queries": 377
      },
      "time": 171.04318261146545,
      "avg_time": 0.3420863652229309
    },
    "L1_L2_L3": {
      "metrics": {
        "hit@1": 0.623342175066313,
        "hit@3": 0.8037135278514589,
        "hit@5": 0.8514588859416445,
        "precision": 0.5385499557913345,
        "recall": 0.5349871201123715,
        "f1_score": 0.47050872092831025,
        "valid_queries": 377
      },
      "time": 57.965219497680664,
      "avg_time": 0.11593043899536133
    }
  },
  "union": {
    "L1": {
      "metrics": {
        "hit@1": 0.7968643490115883,
        "hit@3": 0.8479890933878664,
        "hit@5": 0.8633265167007498,
        "precision": 0.618064076346279,
        "recall": 0.3415166218696749,
        "f1_score": 0.3792726636528682,
        "valid_queries": 2934
      },
      "time": 511.7629852294922,
      "avg_time": 0.1653515299610637
    },
    "L1_L2": {
      "metrics": {
        "hit@1": 0.7027948193592365,
        "hit@3": 0.7852760736196319,
        "hit@5": 0.8445807770961146,
        "precision": 0.5882753919563696,
        "recall": 0.34973285571789375,
        "f1_score": 0.377068413722256,
        "valid_queries": 2934
      },
      "time": 1776.7547206878662,
      "avg_time": 0.5740726076535917
    },
    "L1_L2_L3": {
      "metrics": {
        "hit@1": 0.7164280845262441,
        "hit@3": 0.7975460122699386,
        "hit@5": 0.8384458077709611,
        "precision": 0.6307770961145182,
        "recall": 0.3243564837166414,
        "f1_score": 0.3612369940536951,
        "valid_queries": 2934
      },
      "time": 414.1489758491516,
      "avg_time": 0.13381227006434623
    }
  }
}