{
  "join": {
    "L1": {
      "metrics": {
        "hit@1": 0.05555555555555555,
        "hit@3": 0.16666666666666666,
        "hit@5": 0.3333333333333333,
        "precision": 0.09999999999999999,
        "recall": 0.16666666666666663,
        "f1_score": 0.125,
        "valid_queries": 18
      },
      "time": 0.032630205154418945,
      "avg_time": 0.001812789175245497
    },
    "L1_L2": {
      "metrics": {
        "hit@1": 0.5,
        "hit@3": 0.5,
        "hit@5": 0.5,
        "precision": 0.23333333333333334,
        "recall": 0.5,
        "f1_score": 0.3055555555555555,
        "valid_queries": 18
      },
      "time": 0.04016923904418945,
      "avg_time": 0.0022316243913438586
    },
    "L1_L2_L3": {
      "metrics": {
        "hit@1": 0.0,
        "hit@3": 0.0,
        "hit@5": 0.0,
        "precision": 0.0,
        "recall": 0.0,
        "f1_score": 0.0,
        "valid_queries": 18
      },
      "time": 0.047220706939697266,
      "avg_time": 0.0026233726077609593
    }
  }
}