{
  "join": {
    "L1": {
      "metrics": {
        "hit@1": 0.3333333333333333,
        "hit@3": 0.3333333333333333,
        "hit@5": 0.3333333333333333,
        "precision": 0.06666666666666667,
        "recall": 0.1111111111111111,
        "f1_score": 0.08333333333333333,
        "valid_queries": 3
      },
      "time": 0.025897741317749023,
      "avg_time": 0.008632580439249674
    },
    "L1_L2": {
      "metrics": {
        "hit@1": 0.0,
        "hit@3": 0.0,
        "hit@5": 0.0,
        "precision": 0.0,
        "recall": 0.0,
        "f1_score": 0.0,
        "valid_queries": 3
      },
      "time": 0.021685123443603516,
      "avg_time": 0.007228374481201172
    },
    "L1_L2_L3": {
      "metrics": {
        "hit@1": 0.0,
        "hit@3": 0.0,
        "hit@5": 0.0,
        "precision": 0.0,
        "recall": 0.0,
        "f1_score": 0.0,
        "valid_queries": 3
      },
      "time": 0.03442049026489258,
      "avg_time": 0.011473496754964193
    }
  }
}