{
  "experiment_info": {
    "timestamp": "20250820_202625",
    "task_type": "join",
    "dataset_type": "subset",
    "max_queries": 2,
    "mode": "dynamic",
    "enable_dynamic": true
  },
  "results": {
    "L1": {
      "metrics": {
        "hit@1": 0.0,
        "hit@3": 0.0,
        "hit@5": 0.0,
        "precision": 0.0,
        "recall": 0.0,
        "f1_score": 0.0,
        "valid_queries": 2
      },
      "time": 0.026401758193969727,
      "avg_time": 0.013200879096984863,
      "dynamic": false,
      "predictions": {
        "csvData22293691.csv": [
          "csvData22980923.csv",
          "csvData24643235.csv",
          "csvData1800845.csv",
          "csvData18254710.csv",
          "csvData26294380.csv"
        ],
        "csvData10917663.csv": [
          "csvData12357349.csv",
          "csvData12722558.csv",
          "csvData15196643.csv",
          "csvData14919643.csv",
          "csvData7778755.csv"
        ]
      }
    },
    "L1_L2": {
      "metrics": {
        "hit@1": 0.0,
        "hit@3": 0.0,
        "hit@5": 0.0,
        "precision": 0.0,
        "recall": 0.0,
        "f1_score": 0.0,
        "valid_queries": 2
      },
      "time": 0.029438257217407227,
      "avg_time": 0.014719128608703613,
      "dynamic": false,
      "predictions": {
        "csvData22293691.csv": [
          "csvData22980923.csv",
          "csvData24643235.csv",
          "csvData26294380.csv",
          "csvData27008272__4.csv",
          "csvData27008272__5.csv"
        ],
        "csvData10917663.csv": [
          "csvData12357349.csv",
          "csvData15196643.csv",
          "csvData12520151.csv",
          "csvData14919643.csv",
          "csvData7778755.csv"
        ]
      }
    },
    "L1_L2_L3": {
      "metrics": {
        "hit@1": 0.0,
        "hit@3": 0.0,
        "hit@5": 0.0,
        "precision": 0.0,
        "recall": 0.0,
        "f1_score": 0.0,
        "valid_queries": 2
      },
      "time": 0.03126072883605957,
      "avg_time": 0.015630364418029785,
      "dynamic": true,
      "predictions": {
        "csvData22293691.csv": [],
        "csvData10917663.csv": [
          "csvData12520151.csv",
          "csvData12357349.csv",
          "csvData15196643.csv",
          "csvData14919643.csv",
          "csvData7778755.csv"
        ]
      }
    }
  },
  "summary": {
    "best_layer": null,
    "best_f1": 0,
    "best_hit1": 0
  },
  "optimization_summary": {
    "join": "\n╔══════════════════════════════════════════════════════════════╗\n║  JOIN Dynamic Optimization Summary              ║\n╠══════════════════════════════════════════════════════════════╣\n║  Queries Processed:     2                              ║\n║  Total Adjustments:     0                              ║\n║                                                               ║\n║  Current Parameters:                                          ║\n║    • Confidence Threshold:  0.150                     ║\n║    • Min Score:  0.020                               ║\n║    • Max Results:  400                              ║\n║    • Vector TopK:  500                              ║\n║                                                               ║\n║  Recent Performance (last 2 queries):                      ║\n║    • Avg Precision:  0.000                       ║\n║    • Avg Recall:  0.000                          ║\n║    • Avg F1:  0.000                              ║\n║    • Avg Query Time:  2.50s                     ║\n╚══════════════════════════════════════════════════════════════╝\n",
    "union": "No data yet for union"
  }
}