{
  "experiment_info": {
    "timestamp": "20250820_202625",
    "dataset_type": "subset",
    "max_queries": 2,
    "mode": "comparison"
  },
  "results": {
    "join": {
      "static": {
        "L1": {
          "metrics": {
            "hit@1": 0.0,
            "hit@3": 0.0,
            "hit@5": 0.0,
            "precision": 0.0,
            "recall": 0.0,
            "f1_score": 0.0,
            "valid_queries": 2
          },
          "time": 0.029482126235961914,
          "avg_time": 0.014741063117980957,
          "dynamic": false
        },
        "L1_L2": {
          "metrics": {
            "hit@1": 0.0,
            "hit@3": 0.0,
            "hit@5": 0.0,
            "precision": 0.0,
            "recall": 0.0,
            "f1_score": 0.0,
            "valid_queries": 2
          },
          "time": 0.0252230167388916,
          "avg_time": 0.0126115083694458,
          "dynamic": false
        },
        "L1_L2_L3": {
          "metrics": {
            "hit@1": 0.0,
            "hit@3": 0.0,
            "hit@5": 0.0,
            "precision": 0.0,
            "recall": 0.0,
            "f1_score": 0.0,
            "valid_queries": 2
          },
          "time": 0.03312945365905762,
          "avg_time": 0.01656472682952881,
          "dynamic": false
        }
      },
      "dynamic": {
        "L1": {
          "metrics": {
            "hit@1": 0.0,
            "hit@3": 0.0,
            "hit@5": 0.0,
            "precision": 0.0,
            "recall": 0.0,
            "f1_score": 0.0,
            "valid_queries": 2
          },
          "time": 0.026401758193969727,
          "avg_time": 0.013200879096984863,
          "dynamic": false
        },
        "L1_L2": {
          "metrics": {
            "hit@1": 0.0,
            "hit@3": 0.0,
            "hit@5": 0.0,
            "precision": 0.0,
            "recall": 0.0,
            "f1_score": 0.0,
            "valid_queries": 2
          },
          "time": 0.029438257217407227,
          "avg_time": 0.014719128608703613,
          "dynamic": false
        },
        "L1_L2_L3": {
          "metrics": {
            "hit@1": 0.0,
            "hit@3": 0.0,
            "hit@5": 0.0,
            "precision": 0.0,
            "recall": 0.0,
            "f1_score": 0.0,
            "valid_queries": 2
          },
          "time": 0.03126072883605957,
          "avg_time": 0.015630364418029785,
          "dynamic": true
        }
      }
    }
  }
}