{
  "join": {
    "L1": {
      "metrics": {
        "hit@1": 0.6,
        "hit@3": 0.9,
        "hit@5": 0.9,
        "precision": 0.5599999999999999,
        "recall": 0.2713597513597513,
        "f1_score": 0.36106884859206845,
        "valid_queries": 10
      },
      "time": 0.39202213287353516,
      "avg_time": 0.039202213287353516
    },
    "L1_L2": {
      "metrics": {
        "hit@1": 0.8,
        "hit@3": 0.9,
        "hit@5": 0.9,
        "precision": 0.5399999999999999,
        "recall": 0.2696198246198246,
        "f1_score": 0.35485969826527103,
        "valid_queries": 10
      },
      "time": 9.388771772384644,
      "avg_time": 0.9388771772384643
    },
    "L1_L2_L3": {
      "metrics": {
        "hit@1": 0.8,
        "hit@3": 0.9,
        "hit@5": 0.9,
        "precision": 0.5449999999999999,
        "recall": 0.2696198246198246,
        "f1_score": 0.3563748497804225,
        "valid_queries": 10
      },
      "time": 25.730509519577026,
      "avg_time": 2.5730509519577027
    }
  }
}