{
  "experiment_info": {
    "dataset_type": "subset",
    "total_queries": 18,
    "skip_llm": false,
    "timestamp": "20250825_151325"
  },
  "results": {
    "L1": {
      "hit_at_1": [
        0.3333333333333333,
        0.3333333333333333,
        0.0,
        0.0,
        0.0,
        0.3333333333333333,
        0.0,
        0.3333333333333333,
        0.0,
        0.0,
        0.3333333333333333,
        0.3333333333333333,
        0.3333333333333333,
        0.0,
        0.0,
        0.3333333333333333,
        1.0,
        0.3333333333333333
      ],
      "hit_at_3": [
        1.0,
        1.0,
        1.0,
        0.6666666666666666,
        0.0,
        1.0,
        0.0,
        1.0,
        0.0,
        0.0,
        1.0,
        0.6666666666666666,
        1.0,
        1.0,
        0.3333333333333333,
        1.0,
        1.0,
        1.0
      ],
      "hit_at_5": [
        1.0,
        1.0,
        1.0,
        0.6666666666666666,
        0.0,
        1.0,
        0.0,
        1.0,
        0.0,
        1.0,
        1.0,
        1.0,
        1.0,
        1.0,
        1.0,
        1.0,
        1.0,
        1.0
      ],
      "precision": [
        0.6,
        0.6,
        0.2,
        0.4,
        0.0,
        0.6,
        0.0,
        0.6,
        0.0,
        0.2,
        0.6,
        0.6,
        0.6,
        0.2,
        0.6,
        0.6,
        0.2,
        0.6
      ],
      "recall": [
        1.0,
        1.0,
        1.0,
        0.6666666666666666,
        0.0,
        1.0,
        0.0,
        1.0,
        0.0,
        1.0,
        1.0,
        1.0,
        1.0,
        1.0,
        1.0,
        1.0,
        1.0,
        1.0
      ],
      "f1": [
        0.7499999999999999,
        0.7499999999999999,
        0.33333333333333337,
        0.5,
        0.0,
        0.7499999999999999,
        0.0,
        0.7499999999999999,
        0.0,
        0.33333333333333337,
        0.7499999999999999,
        0.7499999999999999,
        0.7499999999999999,
        0.33333333333333337,
        0.7499999999999999,
        0.7499999999999999,
        0.33333333333333337,
        0.7499999999999999
      ],
      "query_times": [
        0.2966279983520508,
        0.2731642723083496,
        0.30169248580932617,
        0.23556852340698242,
        0.24370741844177246,
        0.22160553932189941,
        0.2167823314666748,
        0.21939992904663086,
        0.21853160858154297,
        0.23953557014465332,
        0.24335694313049316,
        0.25836992263793945,
        0.2717604637145996,
        0.2831904888153076,
        0.2744898796081543,
        0.2757551670074463,
        0.26937317848205566,
        0.2316117286682129
      ]
    },
    "L1+L2": {
      "hit_at_1": [
        0.3333333333333333,
        0.3333333333333333,
        1.0,
        0.3333333333333333,
        1.0,
        0.3333333333333333,
        1.0,
        0.3333333333333333,
        0.3333333333333333,
        1.0,
        0.3333333333333333,
        0.3333333333333333,
        0.3333333333333333,
        1.0,
        0.3333333333333333,
        0.3333333333333333,
        1.0,
        0.3333333333333333
      ],
      "hit_at_3": [
        1.0,
        1.0,
        1.0,
        0.6666666666666666,
        1.0,
        1.0,
        1.0,
        1.0,
        1.0,
        1.0,
        1.0,
        1.0,
        1.0,
        1.0,
        1.0,
        1.0,
        1.0,
        1.0
      ],
      "hit_at_5": [
        1.0,
        1.0,
        1.0,
        1.0,
        1.0,
        1.0,
        1.0,
        1.0,
        1.0,
        1.0,
        1.0,
        1.0,
        1.0,
        1.0,
        1.0,
        1.0,
        1.0,
        1.0
      ],
      "precision": [
        0.6,
        0.6,
        0.2,
        0.6,
        0.2,
        0.6,
        0.2,
        0.6,
        0.6,
        0.2,
        0.6,
        0.6,
        0.6,
        0.2,
        0.6,
        0.6,
        0.2,
        0.6
      ],
      "recall": [
        1.0,
        1.0,
        1.0,
        1.0,
        1.0,
        1.0,
        1.0,
        1.0,
        1.0,
        1.0,
        1.0,
        1.0,
        1.0,
        1.0,
        1.0,
        1.0,
        1.0,
        1.0
      ],
      "f1": [
        0.7499999999999999,
        0.7499999999999999,
        0.33333333333333337,
        0.7499999999999999,
        0.33333333333333337,
        0.7499999999999999,
        0.33333333333333337,
        0.7499999999999999,
        0.7499999999999999,
        0.33333333333333337,
        0.7499999999999999,
        0.7499999999999999,
        0.7499999999999999,
        0.33333333333333337,
        0.7499999999999999,
        0.7499999999999999,
        0.33333333333333337,
        0.7499999999999999
      ],
      "query_times": [
        0.28490495681762695,
        0.28629207611083984,
        0.28961825370788574,
        0.2507326602935791,
        0.24673032760620117,
        0.2318286895751953,
        0.2369098663330078,
        0.234938383102417,
        0.23215937614440918,
        0.24290776252746582,
        0.2464158535003662,
        0.2954518795013428,
        0.27703094482421875,
        0.3060171604156494,
        0.3085057735443115,
        0.286684513092041,
        0.3073756694793701,
        0.2407231330871582
      ]
    },
    "L1+L2+L3": {
      "hit_at_1": [
        0.3333333333333333,
        0.3333333333333333,
        1.0,
        0.0,
        0.0,
        0.3333333333333333,
        1.0,
        0.3333333333333333,
        0.3333333333333333,
        0.0,
        0.3333333333333333,
        0.3333333333333333,
        0.3333333333333333,
        1.0,
        0.3333333333333333,
        0.3333333333333333,
        0.0,
        0.3333333333333333
      ],
      "hit_at_3": [
        1.0,
        1.0,
        1.0,
        0.6666666666666666,
        1.0,
        1.0,
        1.0,
        1.0,
        1.0,
        0.0,
        1.0,
        1.0,
        1.0,
        1.0,
        1.0,
        1.0,
        0.0,
        1.0
      ],
      "hit_at_5": [
        1.0,
        1.0,
        1.0,
        1.0,
        1.0,
        1.0,
        1.0,
        1.0,
        1.0,
        1.0,
        1.0,
        1.0,
        1.0,
        1.0,
        1.0,
        1.0,
        0.0,
        1.0
      ],
      "precision": [
        0.6,
        0.6,
        1.0,
        0.6,
        0.25,
        0.6,
        0.2,
        0.6,
        0.6,
        0.25,
        0.75,
        1.0,
        0.6,
        1.0,
        0.6,
        0.75,
        0.0,
        0.6
      ],
      "recall": [
        1.0,
        1.0,
        1.0,
        1.0,
        1.0,
        1.0,
        1.0,
        1.0,
        1.0,
        1.0,
        1.0,
        1.0,
        1.0,
        1.0,
        1.0,
        1.0,
        0.0,
        1.0
      ],
      "f1": [
        0.7499999999999999,
        0.7499999999999999,
        1.0,
        0.7499999999999999,
        0.4,
        0.7499999999999999,
        0.33333333333333337,
        0.7499999999999999,
        0.7499999999999999,
        0.4,
        0.8571428571428571,
        1.0,
        0.7499999999999999,
        1.0,
        0.7499999999999999,
        0.8571428571428571,
        0.0,
        0.7499999999999999
      ],
      "query_times": [
        0.29489660263061523,
        0.2980668544769287,
        0.26321887969970703,
        0.26316285133361816,
        0.26618337631225586,
        0.2395627498626709,
        0.23993968963623047,
        0.22700238227844238,
        0.23776006698608398,
        0.2558135986328125,
        0.2519872188568115,
        0.29663777351379395,
        0.2909433841705322,
        0.29448938369750977,
        0.290130615234375,
        0.29291629791259766,
        0.2794370651245117,
        0.2574269771575928
      ]
    }
  }
}