{
  "experiment_info": {
    "dataset_type": "subset",
    "total_queries": 10,
    "skip_llm": false,
    "timestamp": "20250825_145035"
  },
  "results": {
    "L1": {
      "hit_at_1": [
        0.3333333333333333,
        0.3333333333333333,
        0.0,
        0.0,
        0.0,
        0.3333333333333333,
        0.0,
        0.3333333333333333,
        0.0,
        0.0
      ],
      "hit_at_3": [
        1.0,
        1.0,
        1.0,
        0.6666666666666666,
        0.0,
        1.0,
        0.0,
        1.0,
        0.0,
        0.0
      ],
      "hit_at_5": [
        1.0,
        1.0,
        1.0,
        0.6666666666666666,
        0.0,
        1.0,
        0.0,
        1.0,
        0.0,
        1.0
      ],
      "precision": [
        0.6,
        0.6,
        0.2,
        0.4,
        0.0,
        0.6,
        0.0,
        0.6,
        0.0,
        0.2
      ],
      "recall": [
        1.0,
        1.0,
        1.0,
        0.6666666666666666,
        0.0,
        1.0,
        0.0,
        1.0,
        0.0,
        1.0
      ],
      "f1": [
        0.7499999999999999,
        0.7499999999999999,
        0.33333333333333337,
        0.5,
        0.0,
        0.7499999999999999,
        0.0,
        0.7499999999999999,
        0.0,
        0.33333333333333337
      ],
      "query_times": [
        0.28473377227783203,
        0.2786273956298828,
        0.26239514350891113,
        0.2378232479095459,
        0.26943349838256836,
        0.27893853187561035,
        0.2687563896179199,
        0.273449182510376,
        0.23716259002685547,
        0.2324838638305664
      ]
    },
    "L1+L2": {
      "hit_at_1": [
        0.3333333333333333,
        0.3333333333333333,
        1.0,
        0.3333333333333333,
        1.0,
        0.3333333333333333,
        1.0,
        0.3333333333333333,
        0.3333333333333333,
        1.0
      ],
      "hit_at_3": [
        1.0,
        1.0,
        1.0,
        0.6666666666666666,
        1.0,
        1.0,
        1.0,
        1.0,
        1.0,
        1.0
      ],
      "hit_at_5": [
        1.0,
        1.0,
        1.0,
        1.0,
        1.0,
        1.0,
        1.0,
        1.0,
        1.0,
        1.0
      ],
      "precision": [
        0.6,
        0.6,
        0.2,
        0.6,
        0.2,
        0.6,
        0.2,
        0.6,
        0.6,
        0.2
      ],
      "recall": [
        1.0,
        1.0,
        1.0,
        1.0,
        1.0,
        1.0,
        1.0,
        1.0,
        1.0,
        1.0
      ],
      "f1": [
        0.7499999999999999,
        0.7499999999999999,
        0.33333333333333337,
        0.7499999999999999,
        0.33333333333333337,
        0.7499999999999999,
        0.33333333333333337,
        0.7499999999999999,
        0.7499999999999999,
        0.33333333333333337
      ],
      "query_times": [
        0.2904388904571533,
        0.2912631034851074,
        0.26367664337158203,
        0.24590253829956055,
        0.31087589263916016,
        0.28730177879333496,
        0.2874619960784912,
        0.2800920009613037,
        0.23114228248596191,
        0.2390432357788086
      ]
    },
    "L1+L2+L3": {
      "hit_at_1": [
        0.3333333333333333,
        0.3333333333333333,
        1.0,
        0.0,
        0.0,
        0.3333333333333333,
        1.0,
        0.3333333333333333,
        0.3333333333333333,
        0.0
      ],
      "hit_at_3": [
        1.0,
        1.0,
        1.0,
        0.6666666666666666,
        1.0,
        1.0,
        1.0,
        1.0,
        1.0,
        0.0
      ],
      "hit_at_5": [
        1.0,
        1.0,
        1.0,
        1.0,
        1.0,
        1.0,
        1.0,
        1.0,
        1.0,
        1.0
      ],
      "precision": [
        0.6,
        0.6,
        1.0,
        0.6,
        0.25,
        0.6,
        0.2,
        0.6,
        0.6,
        0.25
      ],
      "recall": [
        1.0,
        1.0,
        1.0,
        1.0,
        1.0,
        1.0,
        1.0,
        1.0,
        1.0,
        1.0
      ],
      "f1": [
        0.7499999999999999,
        0.7499999999999999,
        1.0,
        0.7499999999999999,
        0.4,
        0.7499999999999999,
        0.33333333333333337,
        0.7499999999999999,
        0.7499999999999999,
        0.4
      ],
      "query_times": [
        0.29840826988220215,
        0.30341625213623047,
        0.27205920219421387,
        0.2566070556640625,
        0.32938337326049805,
        0.2893335819244385,
        0.2868783473968506,
        0.29686570167541504,
        0.23664259910583496,
        0.24439620971679688
      ]
    }
  }
}