{
  "experiment_info": {
    "dataset_type": "subset",
    "total_queries": 5,
    "skip_llm": false,
    "timestamp": "20250825_144706"
  },
  "results": {
    "L1": {
      "hit_at_1": [
        0.3333333333333333,
        0.3333333333333333,
        0.0,
        0.0,
        0.0
      ],
      "hit_at_3": [
        1.0,
        1.0,
        1.0,
        0.6666666666666666,
        0.0
      ],
      "hit_at_5": [
        1.0,
        1.0,
        1.0,
        0.6666666666666666,
        0.0
      ],
      "precision": [
        0.6,
        0.6,
        0.2,
        0.4,
        0.0
      ],
      "recall": [
        1.0,
        1.0,
        1.0,
        0.6666666666666666,
        0.0
      ],
      "f1": [
        0.7499999999999999,
        0.7499999999999999,
        0.33333333333333337,
        0.5,
        0.0
      ],
      "query_times": [
        0.3334197998046875,
        0.2697029113769531,
        0.2425994873046875,
        0.24310302734375,
        0.24168920516967773
      ]
    },
    "L1+L2": {
      "hit_at_1": [
        0.3333333333333333,
        0.3333333333333333,
        1.0,
        0.3333333333333333,
        1.0
      ],
      "hit_at_3": [
        1.0,
        1.0,
        1.0,
        0.6666666666666666,
        1.0
      ],
      "hit_at_5": [
        1.0,
        1.0,
        1.0,
        1.0,
        1.0
      ],
      "precision": [
        0.6,
        0.6,
        0.2,
        0.6,
        0.2
      ],
      "recall": [
        1.0,
        1.0,
        1.0,
        1.0,
        1.0
      ],
      "f1": [
        0.7499999999999999,
        0.7499999999999999,
        0.33333333333333337,
        0.7499999999999999,
        0.33333333333333337
      ],
      "query_times": [
        0.2847559452056885,
        0.2426605224609375,
        0.2742006778717041,
        0.2635774612426758,
        0.2535519599914551
      ]
    },
    "L1+L2+L3": {
      "hit_at_1": [
        0.3333333333333333,
        0.3333333333333333,
        1.0,
        0.0,
        0.0
      ],
      "hit_at_3": [
        1.0,
        1.0,
        1.0,
        0.6666666666666666,
        1.0
      ],
      "hit_at_5": [
        1.0,
        1.0,
        1.0,
        1.0,
        1.0
      ],
      "precision": [
        0.6,
        0.6,
        1.0,
        0.6,
        0.25
      ],
      "recall": [
        1.0,
        1.0,
        1.0,
        1.0,
        1.0
      ],
      "f1": [
        0.7499999999999999,
        0.7499999999999999,
        1.0,
        0.7499999999999999,
        0.4
      ],
      "query_times": [
        0.2876765727996826,
        0.2550036907196045,
        0.2703697681427002,
        0.25762367248535156,
        0.2669084072113037
      ]
    }
  }
}