{
  "experiment_info": {
    "dataset_type": "subset",
    "total_queries": 3,
    "skip_llm": true,
    "timestamp": "20250825_145644"
  },
  "results": {
    "L1": {
      "hit_at_1": [
        0.3333333333333333,
        0.3333333333333333,
        0.0
      ],
      "hit_at_3": [
        1.0,
        1.0,
        1.0
      ],
      "hit_at_5": [
        1.0,
        1.0,
        1.0
      ],
      "precision": [
        0.6,
        0.6,
        0.2
      ],
      "recall": [
        1.0,
        1.0,
        1.0
      ],
      "f1": [
        0.7499999999999999,
        0.7499999999999999,
        0.33333333333333337
      ],
      "query_times": [
        0.27986693382263184,
        0.2728919982910156,
        0.3005683422088623
      ]
    },
    "L1+L2": {
      "hit_at_1": [
        0.3333333333333333,
        0.3333333333333333,
        1.0
      ],
      "hit_at_3": [
        1.0,
        1.0,
        1.0
      ],
      "hit_at_5": [
        1.0,
        1.0,
        1.0
      ],
      "precision": [
        0.6,
        0.6,
        0.2
      ],
      "recall": [
        1.0,
        1.0,
        1.0
      ],
      "f1": [
        0.7499999999999999,
        0.7499999999999999,
        0.33333333333333337
      ],
      "query_times": [
        0.28415727615356445,
        0.2878684997558594,
        0.31357884407043457
      ]
    }
  }
}