{
  "experiment_info": {
    "dataset_type": "subset",
    "total_queries": 18,
    "skip_llm": false,
    "timestamp": "20250825_161024"
  },
  "results": {
    "L1": {
      "hit_at_1": [
        0.3333333333333333,
        0.3333333333333333,
        0.0,
        0.0,
        0.0,
        0.3333333333333333,
        0.0,
        0.3333333333333333,
        0.0,
        0.0,
        0.3333333333333333,
        0.3333333333333333,
        0.3333333333333333,
        0.0,
        0.0,
        0.3333333333333333,
        1.0,
        0.3333333333333333
      ],
      "hit_at_3": [
        1.0,
        1.0,
        1.0,
        0.6666666666666666,
        0.0,
        1.0,
        0.0,
        1.0,
        0.0,
        0.0,
        1.0,
        0.6666666666666666,
        1.0,
        1.0,
        0.3333333333333333,
        1.0,
        1.0,
        1.0
      ],
      "hit_at_5": [
        1.0,
        1.0,
        1.0,
        0.6666666666666666,
        0.0,
        1.0,
        0.0,
        1.0,
        0.0,
        1.0,
        1.0,
        1.0,
        1.0,
        1.0,
        1.0,
        1.0,
        1.0,
        1.0
      ],
      "precision": [
        0.6,
        0.6,
        0.2,
        0.4,
        0.0,
        0.6,
        0.0,
        0.6,
        0.0,
        0.2,
        0.6,
        0.6,
        0.6,
        0.2,
        0.6,
        0.6,
        0.2,
        0.6
      ],
      "recall": [
        1.0,
        1.0,
        1.0,
        0.6666666666666666,
        0.0,
        1.0,
        0.0,
        1.0,
        0.0,
        1.0,
        1.0,
        1.0,
        1.0,
        1.0,
        1.0,
        1.0,
        1.0,
        1.0
      ],
      "f1": [
        0.7499999999999999,
        0.7499999999999999,
        0.33333333333333337,
        0.5,
        0.0,
        0.7499999999999999,
        0.0,
        0.7499999999999999,
        0.0,
        0.33333333333333337,
        0.7499999999999999,
        0.7499999999999999,
        0.7499999999999999,
        0.33333333333333337,
        0.7499999999999999,
        0.7499999999999999,
        0.33333333333333337,
        0.7499999999999999
      ],
      "query_times": [
        0.23503661155700684,
        0.23152804374694824,
        0.33307671546936035,
        0.2912125587463379,
        0.3202207088470459,
        0.3302114009857178,
        0.30435705184936523,
        0.29891514778137207,
        0.30896472930908203,
        0.3138585090637207,
        0.31540989875793457,
        0.3068351745605469,
        0.30542635917663574,
        0.31351351737976074,
        0.334913969039917,
        0.30441951751708984,
        0.30460166931152344,
        0.31136322021484375
      ]
    },
    "L1+L2": {
      "hit_at_1": [
        0.3333333333333333,
        0.3333333333333333,
        1.0,
        0.3333333333333333,
        1.0,
        0.3333333333333333,
        1.0,
        0.3333333333333333,
        0.3333333333333333,
        1.0,
        0.3333333333333333,
        0.3333333333333333,
        0.3333333333333333,
        1.0,
        0.3333333333333333,
        0.3333333333333333,
        1.0,
        0.3333333333333333
      ],
      "hit_at_3": [
        1.0,
        1.0,
        1.0,
        0.6666666666666666,
        1.0,
        1.0,
        1.0,
        1.0,
        1.0,
        1.0,
        1.0,
        1.0,
        1.0,
        1.0,
        1.0,
        1.0,
        1.0,
        1.0
      ],
      "hit_at_5": [
        1.0,
        1.0,
        1.0,
        1.0,
        1.0,
        1.0,
        1.0,
        1.0,
        1.0,
        1.0,
        1.0,
        1.0,
        1.0,
        1.0,
        1.0,
        1.0,
        1.0,
        1.0
      ],
      "precision": [
        0.6,
        0.6,
        0.2,
        0.6,
        0.2,
        0.6,
        0.2,
        0.6,
        0.6,
        0.2,
        0.6,
        0.6,
        0.6,
        0.2,
        0.6,
        0.6,
        0.2,
        0.6
      ],
      "recall": [
        1.0,
        1.0,
        1.0,
        1.0,
        1.0,
        1.0,
        1.0,
        1.0,
        1.0,
        1.0,
        1.0,
        1.0,
        1.0,
        1.0,
        1.0,
        1.0,
        1.0,
        1.0
      ],
      "f1": [
        0.7499999999999999,
        0.7499999999999999,
        0.33333333333333337,
        0.7499999999999999,
        0.33333333333333337,
        0.7499999999999999,
        0.33333333333333337,
        0.7499999999999999,
        0.7499999999999999,
        0.33333333333333337,
        0.7499999999999999,
        0.7499999999999999,
        0.7499999999999999,
        0.33333333333333337,
        0.7499999999999999,
        0.7499999999999999,
        0.33333333333333337,
        0.7499999999999999
      ],
      "query_times": [
        0.25018763542175293,
        0.25102996826171875,
        0.3229176998138428,
        0.26727747917175293,
        0.3482651710510254,
        0.3748624324798584,
        0.2918252944946289,
        0.2872004508972168,
        0.29712820053100586,
        0.3102107048034668,
        0.3035421371459961,
        0.2911832332611084,
        0.29331183433532715,
        0.2993757724761963,
        0.3139619827270508,
        0.2936277389526367,
        0.28536486625671387,
        0.3016030788421631
      ]
    },
    "L1+L2+L3": {
      "hit_at_1": [
        0.3333333333333333,
        0.3333333333333333,
        1.0,
        0.3333333333333333,
        1.0,
        0.3333333333333333,
        1.0,
        0.3333333333333333,
        0.3333333333333333,
        1.0,
        0.0,
        0.3333333333333333,
        0.3333333333333333,
        1.0,
        0.3333333333333333,
        0.3333333333333333,
        0.0,
        0.3333333333333333
      ],
      "hit_at_3": [
        1.0,
        1.0,
        1.0,
        0.6666666666666666,
        1.0,
        1.0,
        1.0,
        1.0,
        0.6666666666666666,
        1.0,
        0.6666666666666666,
        1.0,
        1.0,
        1.0,
        1.0,
        1.0,
        1.0,
        1.0
      ],
      "hit_at_5": [
        1.0,
        1.0,
        1.0,
        1.0,
        1.0,
        1.0,
        1.0,
        1.0,
        1.0,
        1.0,
        1.0,
        1.0,
        1.0,
        1.0,
        1.0,
        1.0,
        1.0,
        1.0
      ],
      "precision": [
        1.0,
        0.6,
        1.0,
        0.75,
        0.25,
        1.0,
        1.0,
        0.6,
        0.6,
        0.25,
        0.75,
        1.0,
        0.6,
        1.0,
        0.75,
        1.0,
        0.2,
        0.6
      ],
      "recall": [
        1.0,
        1.0,
        1.0,
        1.0,
        1.0,
        1.0,
        1.0,
        1.0,
        1.0,
        1.0,
        1.0,
        1.0,
        1.0,
        1.0,
        1.0,
        1.0,
        1.0,
        1.0
      ],
      "f1": [
        1.0,
        0.7499999999999999,
        1.0,
        0.8571428571428571,
        0.4,
        1.0,
        1.0,
        0.7499999999999999,
        0.7499999999999999,
        0.4,
        0.8571428571428571,
        1.0,
        0.7499999999999999,
        1.0,
        0.8571428571428571,
        1.0,
        0.33333333333333337,
        0.7499999999999999
      ],
      "query_times": [
        30.396337270736694,
        37.675716161727905,
        36.29713582992554,
        34.504464864730835,
        36.10886216163635,
        36.576780796051025,
        33.89020800590515,
        35.00254845619202,
        36.19867563247681,
        38.47494411468506,
        35.7379846572876,
        34.37436580657959,
        36.21968483924866,
        34.431575775146484,
        36.283812046051025,
        36.9673810005188,
        35.45418453216553,
        41.76499366760254
      ]
    }
  }
}