{
  "experiment_info": {
    "dataset_type": "subset",
    "total_queries": 3,
    "skip_llm": true,
    "timestamp": "20250825_144607"
  },
  "results": {
    "L1": {
      "hit_at_1": [
        0.3333333333333333,
        0.3333333333333333,
        0.0
      ],
      "hit_at_3": [
        1.0,
        1.0,
        1.0
      ],
      "hit_at_5": [
        1.0,
        1.0,
        1.0
      ],
      "precision": [
        0.6,
        0.6,
        0.2
      ],
      "recall": [
        1.0,
        1.0,
        1.0
      ],
      "f1": [
        0.7499999999999999,
        0.7499999999999999,
        0.33333333333333337
      ],
      "query_times": [
        0.2201387882232666,
        0.21025609970092773,
        0.24535846710205078
      ]
    },
    "L1+L2": {
      "hit_at_1": [
        0.3333333333333333,
        0.3333333333333333,
        1.0
      ],
      "hit_at_3": [
        1.0,
        1.0,
        1.0
      ],
      "hit_at_5": [
        1.0,
        1.0,
        1.0
      ],
      "precision": [
        0.6,
        0.6,
        0.2
      ],
      "recall": [
        1.0,
        1.0,
        1.0
      ],
      "f1": [
        0.7499999999999999,
        0.7499999999999999,
        0.33333333333333337
      ],
      "query_times": [
        0.23845124244689941,
        0.2338275909423828,
        0.2511777877807617
      ]
    }
  }
}