{
  "experiment_info": {
    "dataset_type": "subset",
    "total_queries": 1,
    "skip_llm": false,
    "timestamp": "20250825_155024"
  },
  "results": {
    "L1": {
      "hit_at_1": [
        0.3333333333333333
      ],
      "hit_at_3": [
        1.0
      ],
      "hit_at_5": [
        1.0
      ],
      "precision": [
        0.6
      ],
      "recall": [
        1.0
      ],
      "f1": [
        0.7499999999999999
      ],
      "query_times": [
        0.2739434242248535
      ]
    },
    "L1+L2": {
      "hit_at_1": [
        0.3333333333333333
      ],
      "hit_at_3": [
        1.0
      ],
      "hit_at_5": [
        1.0
      ],
      "precision": [
        0.6
      ],
      "recall": [
        1.0
      ],
      "f1": [
        0.7499999999999999
      ],
      "query_times": [
        0.28061676025390625
      ]
    },
    "L1+L2+L3": {
      "hit_at_1": [
        0.3333333333333333
      ],
      "hit_at_3": [
        1.0
      ],
      "hit_at_5": [
        1.0
      ],
      "precision": [
        1.0
      ],
      "recall": [
        1.0
      ],
      "f1": [
        1.0
      ],
      "query_times": [
        34.793997287750244
      ]
    }
  }
}