{
  "experiment_info": {
    "dataset_type": "subset",
    "total_queries": 18,
    "skip_llm": false,
    "timestamp": "20250825_151910"
  },
  "results": {
    "L1": {
      "hit_at_1": [
        0.3333333333333333,
        0.3333333333333333,
        0.0,
        0.0,
        0.0,
        0.3333333333333333,
        0.0,
        0.3333333333333333,
        0.0,
        0.0,
        0.3333333333333333,
        0.3333333333333333,
        0.3333333333333333,
        0.0,
        0.0,
        0.3333333333333333,
        1.0,
        0.3333333333333333
      ],
      "hit_at_3": [
        1.0,
        1.0,
        1.0,
        0.6666666666666666,
        0.0,
        1.0,
        0.0,
        1.0,
        0.0,
        0.0,
        1.0,
        0.6666666666666666,
        1.0,
        1.0,
        0.3333333333333333,
        1.0,
        1.0,
        1.0
      ],
      "hit_at_5": [
        1.0,
        1.0,
        1.0,
        0.6666666666666666,
        0.0,
        1.0,
        0.0,
        1.0,
        0.0,
        1.0,
        1.0,
        1.0,
        1.0,
        1.0,
        1.0,
        1.0,
        1.0,
        1.0
      ],
      "precision": [
        0.6,
        0.6,
        0.2,
        0.4,
        0.0,
        0.6,
        0.0,
        0.6,
        0.0,
        0.2,
        0.6,
        0.6,
        0.6,
        0.2,
        0.6,
        0.6,
        0.2,
        0.6
      ],
      "recall": [
        1.0,
        1.0,
        1.0,
        0.6666666666666666,
        0.0,
        1.0,
        0.0,
        1.0,
        0.0,
        1.0,
        1.0,
        1.0,
        1.0,
        1.0,
        1.0,
        1.0,
        1.0,
        1.0
      ],
      "f1": [
        0.7499999999999999,
        0.7499999999999999,
        0.33333333333333337,
        0.5,
        0.0,
        0.7499999999999999,
        0.0,
        0.7499999999999999,
        0.0,
        0.33333333333333337,
        0.7499999999999999,
        0.7499999999999999,
        0.7499999999999999,
        0.33333333333333337,
        0.7499999999999999,
        0.7499999999999999,
        0.33333333333333337,
        0.7499999999999999
      ],
      "query_times": [
        0.2813234329223633,
        0.2747828960418701,
        0.3031141757965088,
        0.2930424213409424,
        0.2982490062713623,
        0.28319621086120605,
        0.27666187286376953,
        0.2676513195037842,
        0.27483367919921875,
        0.2863020896911621,
        0.2853999137878418,
        0.2764143943786621,
        0.2683281898498535,
        0.28115081787109375,
        0.22263717651367188,
        0.2215287685394287,
        0.2148740291595459,
        0.22938752174377441
      ]
    },
    "L1+L2": {
      "hit_at_1": [
        0.3333333333333333,
        0.3333333333333333,
        1.0,
        0.3333333333333333,
        1.0,
        0.3333333333333333,
        1.0,
        0.3333333333333333,
        0.3333333333333333,
        1.0,
        0.3333333333333333,
        0.3333333333333333,
        0.3333333333333333,
        1.0,
        0.3333333333333333,
        0.3333333333333333,
        1.0,
        0.3333333333333333
      ],
      "hit_at_3": [
        1.0,
        1.0,
        1.0,
        0.6666666666666666,
        1.0,
        1.0,
        1.0,
        1.0,
        1.0,
        1.0,
        1.0,
        1.0,
        1.0,
        1.0,
        1.0,
        1.0,
        1.0,
        1.0
      ],
      "hit_at_5": [
        1.0,
        1.0,
        1.0,
        1.0,
        1.0,
        1.0,
        1.0,
        1.0,
        1.0,
        1.0,
        1.0,
        1.0,
        1.0,
        1.0,
        1.0,
        1.0,
        1.0,
        1.0
      ],
      "precision": [
        0.6,
        0.6,
        0.2,
        0.6,
        0.2,
        0.6,
        0.2,
        0.6,
        0.6,
        0.2,
        0.6,
        0.6,
        0.6,
        0.2,
        0.6,
        0.6,
        0.2,
        0.6
      ],
      "recall": [
        1.0,
        1.0,
        1.0,
        1.0,
        1.0,
        1.0,
        1.0,
        1.0,
        1.0,
        1.0,
        1.0,
        1.0,
        1.0,
        1.0,
        1.0,
        1.0,
        1.0,
        1.0
      ],
      "f1": [
        0.7499999999999999,
        0.7499999999999999,
        0.33333333333333337,
        0.7499999999999999,
        0.33333333333333337,
        0.7499999999999999,
        0.33333333333333337,
        0.7499999999999999,
        0.7499999999999999,
        0.33333333333333337,
        0.7499999999999999,
        0.7499999999999999,
        0.7499999999999999,
        0.33333333333333337,
        0.7499999999999999,
        0.7499999999999999,
        0.33333333333333337,
        0.7499999999999999
      ],
      "query_times": [
        0.2892646789550781,
        0.29163694381713867,
        0.3223593235015869,
        0.3027520179748535,
        0.3120443820953369,
        0.3040792942047119,
        0.28157997131347656,
        0.2807929515838623,
        0.31293487548828125,
        0.29881882667541504,
        0.29530811309814453,
        0.2874720096588135,
        0.28356194496154785,
        0.256298303604126,
        0.22296762466430664,
        0.2268538475036621,
        0.2185516357421875,
        0.2291698455810547
      ]
    },
    "L1+L2+L3": {
      "hit_at_1": [
        0.3333333333333333,
        0.3333333333333333,
        1.0,
        0.0,
        0.0,
        0.3333333333333333,
        1.0,
        0.3333333333333333,
        0.3333333333333333,
        0.0,
        0.3333333333333333,
        0.3333333333333333,
        0.3333333333333333,
        1.0,
        0.3333333333333333,
        0.3333333333333333,
        0.0,
        0.3333333333333333
      ],
      "hit_at_3": [
        1.0,
        1.0,
        1.0,
        0.6666666666666666,
        1.0,
        1.0,
        1.0,
        1.0,
        1.0,
        0.0,
        1.0,
        1.0,
        1.0,
        1.0,
        1.0,
        1.0,
        0.0,
        1.0
      ],
      "hit_at_5": [
        1.0,
        1.0,
        1.0,
        1.0,
        1.0,
        1.0,
        1.0,
        1.0,
        1.0,
        1.0,
        1.0,
        1.0,
        1.0,
        1.0,
        1.0,
        1.0,
        0.0,
        1.0
      ],
      "precision": [
        0.6,
        0.6,
        1.0,
        0.6,
        0.25,
        0.6,
        0.2,
        0.6,
        0.6,
        0.25,
        0.75,
        1.0,
        0.6,
        1.0,
        0.6,
        0.75,
        0.0,
        0.6
      ],
      "recall": [
        1.0,
        1.0,
        1.0,
        1.0,
        1.0,
        1.0,
        1.0,
        1.0,
        1.0,
        1.0,
        1.0,
        1.0,
        1.0,
        1.0,
        1.0,
        1.0,
        0.0,
        1.0
      ],
      "f1": [
        0.7499999999999999,
        0.7499999999999999,
        1.0,
        0.7499999999999999,
        0.4,
        0.7499999999999999,
        0.33333333333333337,
        0.7499999999999999,
        0.7499999999999999,
        0.4,
        0.8571428571428571,
        1.0,
        0.7499999999999999,
        1.0,
        0.7499999999999999,
        0.8571428571428571,
        0.0,
        0.7499999999999999
      ],
      "query_times": [
        0.2924356460571289,
        0.3003377914428711,
        0.31928086280822754,
        0.31301379203796387,
        0.35725855827331543,
        0.2911539077758789,
        0.32274341583251953,
        0.29180121421813965,
        0.2903318405151367,
        0.30962705612182617,
        0.302018404006958,
        0.28932738304138184,
        0.28902363777160645,
        0.2477281093597412,
        0.22237133979797363,
        0.22586584091186523,
        0.23849225044250488,
        0.24373555183410645
      ]
    }
  }
}