{
  "union": {
    "L1": {
      "metrics": {
        "hit@1": 0.7142857142857143,
        "hit@3": 0.8571428571428571,
        "hit@5": 1.0,
        "precision": 0.2285714285714286,
        "recall": 0.1845630559916274,
        "f1_score": 0.19339257233994078,
        "valid_queries": 7
      },
      "time": 1.9208519458770752,
      "avg_time": 0.1920851945877075
    },
    "L1_L2": {
      "metrics": {
        "hit@1": 0.8571428571428571,
        "hit@3": 1.0,
        "hit@5": 1.0,
        "precision": 0.2285714285714286,
        "recall": 0.1845630559916274,
        "f1_score": 0.19339257233994078,
        "valid_queries": 7
      },
      "time": 15.15745234489441,
      "avg_time": 1.5157452344894409
    },
    "L1_L2_L3": {
      "metrics": {
        "hit@1": 0.14285714285714285,
        "hit@3": 0.42857142857142855,
        "hit@5": 1.0,
        "precision": 0.2285714285714286,
        "recall": 0.1845630559916274,
        "f1_score": 0.19339257233994078,
        "valid_queries": 7
      },
      "time": 34.11891055107117,
      "avg_time": 3.411891055107117
    }
  }
}