{
  "union": {
    "L1": {
      "metrics": {
        "hit@1": 0.4,
        "hit@3": 0.5,
        "hit@5": 0.65,
        "precision": 0.29,
        "recall": 0.53,
        "f1_score": 0.3383333333333334,
        "valid_queries": 20
      },
      "time": 0.3940107822418213,
      "avg_time": 0.019700539112091065
    },
    "L1_L2": {
      "metrics": {
        "hit@1": 0.25,
        "hit@3": 0.55,
        "hit@5": 0.55,
        "precision": 0.26000000000000006,
        "recall": 0.4,
        "f1_score": 0.2875,
        "valid_queries": 20
      },
      "time": 7.443974733352661,
      "avg_time": 0.37219873666763303
    },
    "L1_L2_L3": {
      "metrics": {
        "hit@1": 0.3,
        "hit@3": 0.5,
        "hit@5": 0.5,
        "precision": 0.31500000000000006,
        "recall": 0.32,
        "f1_score": 0.29750000000000004,
        "valid_queries": 20
      },
      "time": 16.62917137145996,
      "avg_time": 0.831458568572998
    }
  }
}