{
  "union": {
    "L1": {
      "metrics": {
        "hit@1": 0.5,
        "hit@3": 0.5,
        "hit@5": 0.7,
        "precision": 0.30000000000000004,
        "recall": 0.6199999999999999,
        "f1_score": 0.3533333333333334,
        "valid_queries": 10
      },
      "time": 0.20950579643249512,
      "avg_time": 0.020950579643249513
    },
    "L1_L2": {
      "metrics": {
        "hit@1": 0.2,
        "hit@3": 0.4,
        "hit@5": 0.4,
        "precision": 0.24,
        "recall": 0.32,
        "f1_score": 0.25333333333333335,
        "valid_queries": 10
      },
      "time": 0.34856653213500977,
      "avg_time": 0.034856653213500975
    },
    "L1_L2_L3": {
      "metrics": {
        "hit@1": 0.4,
        "hit@3": 0.4,
        "hit@5": 0.4,
        "precision": 0.34,
        "recall": 0.26,
        "f1_score": 0.2733333333333333,
        "valid_queries": 10
      },
      "time": 0.24719500541687012,
      "avg_time": 0.024719500541687013
    }
  }
}