{
  "union": {
    "L1": {
      "metrics": {
        "hit@1": 0.2,
        "hit@3": 0.2,
        "hit@5": 0.6,
        "precision": 0.27999999999999997,
        "recall": 0.6,
        "f1_score": 0.33333333333333337,
        "valid_queries": 5
      },
      "time": 0.16912031173706055,
      "avg_time": 0.03382406234741211
    },
    "L1_L2": {
      "metrics": {
        "hit@1": 0.2,
        "hit@3": 0.2,
        "hit@5": 0.6,
        "precision": 0.27999999999999997,
        "recall": 0.6,
        "f1_score": 0.33333333333333337,
        "valid_queries": 5
      },
      "time": 0.32338905334472656,
      "avg_time": 0.06467781066894532
    },
    "L1_L2_L3": {
      "metrics": {
        "hit@1": 0.4,
        "hit@3": 0.4,
        "hit@5": 0.6,
        "precision": 0.44000000000000006,
        "recall": 0.6,
        "f1_score": 0.4666666666666667,
        "valid_queries": 5
      },
      "time": 0.16170406341552734,
      "avg_time": 0.03234081268310547
    }
  }
}