{
  "union": {
    "L1": {
      "metrics": {
        "hit@1": 0.2,
        "hit@3": 0.2,
        "hit@5": 0.6,
        "precision": 0.27999999999999997,
        "recall": 0.6,
        "f1_score": 0.33333333333333337,
        "valid_queries": 5
      },
      "time": 0.17616605758666992,
      "avg_time": 0.03523321151733398
    },
    "L1_L2": {
      "metrics": {
        "hit@1": 0.2,
        "hit@3": 0.2,
        "hit@5": 0.6,
        "precision": 0.27999999999999997,
        "recall": 0.6,
        "f1_score": 0.33333333333333337,
        "valid_queries": 5
      },
      "time": 0.3162686824798584,
      "avg_time": 0.06325373649597169
    },
    "L1_L2_L3": {
      "metrics": {
        "hit@1": 0.4,
        "hit@3": 0.4,
        "hit@5": 0.6,
        "precision": 0.44000000000000006,
        "recall": 0.6,
        "f1_score": 0.4666666666666667,
        "valid_queries": 5
      },
      "time": 0.1569511890411377,
      "avg_time": 0.03139023780822754
    }
  }
}