{
  "union": {
    "L1": {
      "metrics": {
        "hit@1": 0.3333333333333333,
        "hit@3": 0.3333333333333333,
        "hit@5": 0.6666666666666666,
        "precision": 0.39999999999999997,
        "recall": 0.6666666666666666,
        "f1_score": 0.4444444444444445,
        "valid_queries": 3
      },
      "time": 0.0874640941619873,
      "avg_time": 0.02915469805399577
    },
    "L1_L2": {
      "metrics": {
        "hit@1": 0.0,
        "hit@3": 0.0,
        "hit@5": 0.0,
        "precision": 0.0,
        "recall": 0.0,
        "f1_score": 0.0,
        "valid_queries": 3
      },
      "time": 0.14075827598571777,
      "avg_time": 0.04691942532857259
    },
    "L1_L2_L3": {
      "metrics": {
        "hit@1": 0.0,
        "hit@3": 0.0,
        "hit@5": 0.0,
        "precision": 0.0,
        "recall": 0.0,
        "f1_score": 0.0,
        "valid_queries": 3
      },
      "time": 0.13387703895568848,
      "avg_time": 0.04462567965189616
    }
  }
}